Id,Predicted_price
725,157575.6875
15856,222225.09375
5480,297877.5625
15664,363360.3125
14275,143862.71875
7633,211490.453125
13329,175857.8125
5502,226078.078125
4220,285359.71875
11538,184513.84375
15975,254516.046875
3310,234811.328125
9286,151127.515625
11260,191726.765625
5214,101129.078125
11307,186952.5625
13543,383272.75
615,179788.546875
3495,234678.6875
2321,240615.8125
12046,182647.671875
16688,137824.484375
12694,233811.046875
783,138860.9375
8968,161287.390625
13454,175479.390625
12190,263948.96875
11160,105571.7265625
10291,193942.46875
891,299145.59375
2982,183754.203125
3818,246426.09375
2449,205961.15625
8317,164375.03125
4922,176305.40625
1257,237820.0
9348,201376.703125
4176,176653.0
10704,160136.109375
6624,119609.4609375
5428,197954.59375
12749,166158.125
8994,187281.890625
11513,135753.859375
3047,191836.125
9519,202944.71875
12309,265953.40625
14081,266550.59375
8334,271924.0625
6343,172637.875
14788,123736.203125
15748,388904.09375
153,241768.4375
14149,163368.71875
269,184340.46875
5452,142352.0625
721,154122.296875
5079,336984.34375
2831,99684.8828125
10614,107148.9296875
10131,266954.59375
9996,298850.75
3061,213728.890625
11733,319128.8125
3726,236931.453125
10929,212334.578125
9011,359370.6875
16182,305131.59375
4976,175288.796875
9897,257707.15625
1872,160031.875
9205,469593.03125
5403,418361.1875
14074,209390.890625
6268,157362.125
14232,155077.96875
8532,223690.84375
7034,367066.46875
6553,444753.5
3133,167419.75
8596,210046.078125
12389,263837.3125
14462,181419.203125
8860,321727.28125
8377,307630.0
6367,341108.53125
6917,242491.484375
4216,204413.53125
5806,169274.171875
5438,185807.75
6632,181031.796875
2650,155654.78125
5396,189933.640625
4044,143195.40625
1345,223333.015625
856,162389.84375
12791,293296.96875
12499,229445.8125
12249,128391.90625
14641,139003.09375
1919,161539.671875
7848,196066.4375
10749,185238.875
15554,188376.6875
15834,178064.140625
1355,167209.625
15451,175103.78125
12401,205951.046875
10290,169332.078125
9462,130332.6484375
3103,262300.15625
3420,128395.515625
12262,258086.671875
5032,152119.015625
8949,329466.3125
15567,212875.578125
16389,156159.15625
7809,85406.34375
8990,166291.828125
16089,260871.09375
12743,107626.7890625
5132,127430.15625
1619,281183.8125
2428,95389.4921875
16741,151945.171875
13193,175902.625
12588,478332.90625
5067,171719.171875
14685,125976.1796875
2292,174976.234375
5746,123158.28125
12578,164323.109375
14834,199698.9375
2147,172901.203125
8222,130453.2734375
10419,256606.765625
11492,234977.171875
3006,211300.046875
8761,189749.15625
15371,410175.1875
16367,155389.625
6317,268238.0
10878,278393.71875
3895,152132.25
8041,180036.265625
13428,414564.96875
14669,126210.2265625
1006,174058.046875
12271,182495.984375
3764,438501.8125
7675,213462.671875
11709,265189.4375
8629,150538.421875
1105,394439.8125
6096,185015.15625
11727,221818.34375
5157,167142.046875
3679,129115.6796875
1755,134045.484375
7391,202261.5
7425,107877.46875
6882,420192.375
10752,400912.6875
7472,186444.59375
14320,100940.0078125
9596,170643.015625
5317,205754.34375
7378,82660.1796875
16154,187134.9375
3464,191903.390625
4197,226587.078125
9477,113899.15625
12705,190579.90625
16426,218609.390625
1481,68056.5390625
9946,248855.65625
12025,219444.140625
5341,219375.8125
9923,282175.0
7953,253270.390625
11066,248577.984375
5037,176807.625
2509,207600.578125
4937,333114.1875
12089,386429.0
4964,133261.453125
16500,263646.71875
4625,132551.96875
2363,373228.3125
8148,195502.625
3804,189026.578125
4584,148056.109375
10694,120304.34375
2691,160154.296875
2983,214252.96875
13563,311855.1875
10747,203964.484375
1721,203152.890625
2789,251909.609375
7214,282765.21875
8659,214984.28125
5107,292700.375
3843,204194.53125
14610,394523.96875
15505,150743.015625
5060,242378.859375
16055,265059.3125
14963,193994.8125
4118,139037.84375
1672,186629.6875
3209,166370.96875
16515,151577.109375
973,167434.0625
12529,183022.296875
5896,118771.7109375
5450,302615.96875
3249,179277.109375
8911,186082.140625
5898,216977.328125
1024,186740.21875
4766,209749.796875
15804,178116.34375
14303,204714.046875
10707,167932.75
6605,241542.765625
1138,273580.4375
14088,432783.15625
9154,176030.046875
8190,202875.109375
398,276419.0625
13302,256190.5
9696,157847.75
16786,118132.453125
16230,175583.734375
6552,227215.96875
923,203690.28125
9602,350166.59375
5857,262654.6875
8120,169858.1875
7134,197101.234375
11726,176327.625
8069,119838.4375
12420,168772.625
8604,198987.984375
4854,312979.53125
12212,197779.25
12099,379875.46875
3882,367481.40625
6995,304643.9375
10172,216453.5
11672,338458.6875
12897,290111.625
16097,192543.46875
6779,254130.125
11199,196121.921875
10816,317667.6875
143,403761.625
5399,251900.34375
3286,150220.640625
13706,214633.0625
1935,405686.6875
16000,189778.625
2860,214133.546875
11407,186396.625
16378,263573.5625
12278,185449.421875
3842,167139.578125
2692,355706.65625
7699,187534.875
6825,333117.1875
7268,362285.75
1477,431206.84375
9887,179448.0
9436,184065.125
3179,236773.09375
1350,527524.5625
10643,196174.421875
5793,224281.65625
11494,455154.6875
4206,188741.609375
12419,238801.6875
8530,214884.765625
5985,151978.484375
8908,216612.671875
256,127691.40625
7234,182679.875
5648,219802.21875
3014,212303.375
2184,193465.328125
9189,289985.125
14884,191679.4375
10333,157821.734375
15896,159239.296875
13269,142871.40625
8603,242214.84375
15087,180070.734375
4344,191630.234375
7981,70819.5234375
10908,239066.765625
6190,157921.78125
11742,208344.546875
9224,147585.90625
14667,195197.609375
458,180428.5625
2464,370709.28125
12320,242503.390625
278,202647.90625
2912,220658.6875
6698,216427.140625
4510,119936.828125
4183,190478.546875
5551,266077.0625
12187,162534.0625
7948,229891.859375
10808,190883.28125
12432,171180.28125
5356,173128.421875
8984,507770.84375
9203,192149.34375
15412,94021.6796875
12041,135553.9375
7644,273052.15625
7071,205279.90625
10685,177592.421875
6763,203062.265625
940,142833.859375
14959,212759.0
1338,160332.984375
5351,136080.359375
6524,225255.546875
12516,142253.296875
3288,280357.65625
3146,262336.75
3954,180432.609375
11955,180760.203125
1211,216548.90625
15668,201780.65625
1320,88381.0625
9108,150822.71875
16482,149294.203125
5017,142488.53125
8290,227443.28125
4304,390605.34375
1930,168952.5
12530,165449.96875
11295,314674.34375
3002,147622.796875
15483,150025.984375
11525,244431.546875
13978,135174.03125
4885,173706.3125
8325,169334.25
3630,143232.203125
9165,182225.484375
13945,222149.453125
10663,192469.046875
14803,180557.28125
7621,187209.421875
8205,231137.796875
10387,207423.046875
5457,146679.6875
10234,337333.5
6251,170648.765625
701,264471.5
7930,182110.546875
15028,151829.15625
12172,73680.5078125
5805,177882.1875
7411,321190.3125
14806,216560.734375
7890,163207.921875
10440,129431.3984375
14926,171796.234375
5381,157038.890625
3800,401822.125
10511,250508.484375
9324,269121.90625
3313,212882.75
7351,158059.421875
8459,180766.796875
9957,124908.46875
12024,187499.796875
4380,242152.4375
5042,151721.25
13289,142376.546875
13407,374986.53125
13258,151965.578125
15993,272587.71875
12525,151547.0
4062,249202.5625
12065,251752.5
8227,170658.71875
11333,163977.140625
2867,137332.546875
3319,251589.53125
3523,330018.8125
7055,208468.59375
14930,168498.03125
3444,158966.390625
2940,337152.84375
6935,374218.21875
16116,350818.71875
13370,223683.0625
6103,219961.5625
7446,190103.46875
1859,179352.5
4079,185027.453125
3228,173939.609375
9665,160586.71875
15957,361483.53125
11533,175645.53125
2314,123256.359375
4096,200941.765625
13437,181587.640625
5980,213807.359375
2008,191795.765625
6754,172128.890625
4129,153389.296875
14557,291527.71875
7096,347841.21875
14297,273807.96875
3967,254309.265625
16485,114390.328125
13075,310859.09375
14289,187530.140625
10988,154629.3125
3230,139353.25
13250,175720.578125
2559,187143.921875
7739,353678.15625
7213,163289.15625
6639,254178.796875
3164,302130.0
15207,165907.5625
5113,196246.765625
3929,144645.4375
14493,257385.28125
11110,187715.328125
2033,204997.5
16057,214977.203125
16709,222633.15625
14313,154672.328125
1028,304897.28125
7187,100751.640625
3738,338888.03125
9869,315860.03125
12644,193805.28125
3686,126799.6640625
9196,275587.9375
12326,192907.390625
4936,189391.734375
13314,154086.578125
9857,358823.21875
519,184265.0625
8410,160933.5625
1720,191693.71875
10341,198294.203125
14415,181077.46875
10613,304624.1875
8027,215489.453125
15539,277019.125
7431,273227.34375
1370,137694.078125
12708,154419.0625
2250,222434.71875
14758,139079.984375
8525,388174.09375
1538,285521.84375
1142,152878.875
1152,256334.578125
9802,190966.734375
3331,327686.65625
15203,176252.546875
4247,175350.8125
1976,399428.625
2346,186719.828125
10078,229739.203125
1938,216129.734375
7819,163325.546875
2168,276196.15625
15634,215196.125
8465,249941.671875
9313,144280.21875
6539,138572.09375
6325,110408.984375
13442,270648.09375
9967,168990.71875
7893,223516.71875
2861,193473.078125
11031,299110.875
15073,125732.296875
13837,153722.375
2524,271632.28125
8617,214500.875
13513,181890.28125
3081,283188.28125
10675,372390.84375
1907,78982.8515625
4872,245961.609375
16274,406529.5625
11837,272483.53125
16577,228258.328125
5231,298943.71875
11315,255676.875
273,210810.359375
8363,226889.40625
4255,224475.875
16330,232763.046875
11528,171302.6875
14799,289184.59375
1611,276460.3125
9234,176253.96875
1633,109848.171875
6791,235313.9375
11567,376578.09375
3070,224037.71875
12094,268367.53125
14335,293549.1875
137,149427.140625
7182,157006.375
11718,183002.859375
5194,109572.1640625
97,365380.4375
5118,427803.5625
13920,333712.0
9952,193355.015625
15337,208492.515625
10243,231548.9375
4048,394373.8125
171,157956.984375
11378,165227.34375
14190,173224.28125
15265,154727.453125
2740,132702.09375
5573,301916.9375
4481,217768.5
2631,146396.09375
4984,262839.3125
16466,183952.59375
16716,119002.359375
15325,214427.40625
10115,175676.296875
117,448455.53125
5476,103903.2734375
11757,174912.6875
12359,119318.328125
15546,186495.984375
8133,158070.40625
9018,395646.96875
2075,160406.6875
11170,322371.21875
15733,192602.78125
9280,148676.328125
10734,321427.46875
14071,150414.875
7373,213462.296875
14736,173115.265625
3458,95631.015625
6183,164489.4375
7825,215962.265625
16775,174230.53125
5717,171493.4375
12397,146353.15625
8189,445413.53125
4423,206834.15625
3994,132919.296875
10342,186535.8125
10051,185144.59375
9453,143105.25
12593,433541.71875
1274,89472.1484375
6933,341642.6875
1761,141451.40625
7157,358193.4375
15169,142487.34375
6792,332603.625
13830,174809.125
7240,214549.578125
3051,246449.34375
6550,119831.75
4603,199717.03125
5729,167687.59375
13473,344163.375
15104,124759.265625
6599,444229.15625
2216,232798.078125
8721,330634.53125
3645,199706.609375
8664,216719.734375
11001,202284.5625
753,155050.5625
8129,229689.6875
15235,180482.78125
3359,198506.046875
10424,211160.671875
10226,229821.890625
9252,190314.5
3008,279910.4375
5849,181546.96875
8494,174506.109375
6764,268082.15625
12445,325306.46875
11716,193817.453125
4508,115129.9765625
5669,204166.0625
11427,116592.4296875
11065,193575.484375
8910,228856.75
16401,276564.6875
11913,146998.6875
6221,188175.265625
10839,186014.6875
2809,211378.84375
13311,127375.9453125
6866,202648.0625
6019,174160.421875
3024,159652.171875
1391,272503.4375
15904,199152.390625
15858,327168.90625
9911,231384.546875
16579,235316.640625
4394,275789.40625
1468,424092.9375
12965,145676.4375
2249,163190.625
14384,163852.625
13040,118491.234375
8872,140935.921875
12864,248704.421875
15712,174659.875
14049,172220.96875
1840,100266.640625
12019,160055.59375
8948,162944.125
15154,198143.140625
6943,151634.28125
12564,381727.59375
12766,160597.65625
7255,229340.359375
7962,152584.84375
709,138781.203125
4634,149273.1875
889,264838.125
4774,129353.9453125
13890,164706.1875
15431,146492.015625
8726,400822.21875
10373,142198.484375
6413,184708.1875
9761,151347.109375
15864,170186.84375
6147,153733.453125
3384,260990.25
320,265402.59375
8006,183963.90625
14395,175042.5625
14976,96726.3046875
12185,235003.375
4779,129507.0234375
8551,150556.0625
9025,287694.78125
10616,236522.734375
7475,113840.0625
6341,322957.75
14163,142669.25
2211,178384.203125
10532,272118.1875
14338,141970.203125
831,171313.6875
3382,174008.921875
9209,295744.4375
7188,225655.828125
7197,240581.078125
11270,165557.640625
15918,94572.03125
6937,407017.8125
6178,183610.28125
10668,115170.6328125
1413,278432.28125
6884,342873.84375
8266,191360.34375
14019,214932.421875
16764,144691.8125
15306,171980.96875
3740,241763.359375
5298,190932.375
8319,184002.1875
4229,182221.71875
13429,190900.390625
1753,410502.28125
860,273023.3125
14219,133602.234375
12113,189396.453125
11309,117974.6796875
9930,212399.390625
10570,182590.453125
2839,151746.609375
6699,129696.46875
16647,119360.234375
5325,244835.671875
13733,158841.921875
7818,349650.40625
12505,237628.171875
9489,188140.59375
10106,186050.375
7864,212150.46875
5134,246521.5625
11859,126632.703125
7440,293732.71875
1525,333296.5625
7339,194087.71875
8,346502.78125
3248,117446.6328125
8995,225392.640625
15178,65561.6171875
8594,152792.46875
15770,245231.65625
15859,352000.375
1735,299634.53125
11410,455536.125
16397,158703.9375
3572,139944.25
5501,110379.34375
969,188171.5
6977,412708.25
1233,176599.125
4258,166191.28125
90,369878.53125
16650,175818.09375
197,111764.4765625
12514,229781.890625
4367,179499.984375
3199,188593.921875
5600,187402.84375
11641,195319.5
14609,111864.34375
12775,153260.171875
14240,175899.125
7933,190377.140625
6945,351148.6875
14006,202894.296875
6320,276061.46875
12061,200803.203125
16369,212938.375
16354,363483.40625
3970,235104.171875
1048,208249.296875
3639,231927.78125
14448,231710.546875
2812,425738.15625
3932,150888.9375
14875,359578.65625
8883,114099.3203125
7622,318625.0625
7252,125410.8046875
9751,174921.640625
2378,221491.0
6816,229587.46875
15358,187696.171875
7843,152351.125
10448,382452.09375
7840,299243.6875
8880,232612.90625
12551,325817.8125
15470,191509.671875
16207,213190.484375
12123,122570.1484375
15247,346071.6875
7481,193468.71875
16171,352950.96875
7461,337591.5625
902,300428.875
13094,162300.3125
11584,269928.78125
4462,213701.6875
15576,143324.90625
16606,246121.15625
5427,320566.3125
7725,180274.921875
5409,159086.515625
12579,127804.6484375
12013,242582.28125
11321,222909.609375
9932,149942.015625
591,159164.921875
10357,182561.453125
3336,245655.09375
13,193123.234375
4809,222671.140625
7555,197027.09375
15172,370743.71875
6989,144582.65625
4707,186395.234375
2046,231467.5625
6495,100784.7421875
3873,179392.90625
7061,200609.265625
12112,240426.8125
8917,293755.46875
7735,147149.390625
16442,236797.65625
4244,160285.453125
3747,201301.890625
11086,187568.828125
10080,240764.609375
15057,295653.375
1331,184365.75
8891,159397.921875
13411,212563.390625
16730,240219.921875
2267,197316.640625
3022,184671.8125
11190,238200.125
11857,181453.796875
9318,192407.515625
16512,176338.15625
2053,217125.453125
13707,125694.4296875
12143,165854.59375
14080,168761.796875
6130,185051.5625
7936,79833.9921875
10101,169004.796875
5663,185536.53125
14811,129110.265625
1366,174642.75
908,192640.34375
2953,121887.140625
14629,148504.390625
15096,341183.875
2115,190002.078125
11770,155374.515625
12701,182665.59375
14584,135064.9375
1893,367980.75
9501,444386.09375
2138,179318.75
9346,208247.734375
15960,375185.15625
8230,166602.140625
13843,207038.125
13810,243589.28125
15650,178656.15625
9974,122478.96875
12200,191168.34375
538,194248.203125
5334,190683.578125
14823,121156.6015625
4817,158353.796875
9041,186109.953125
4359,278654.84375
4852,250349.5
10141,134023.59375
1503,211107.875
16256,481527.8125
683,110420.1171875
14382,185281.40625
7248,224829.8125
1200,169907.296875
3563,175844.484375
3681,408241.125
3053,263221.03125
4099,199799.03125
807,110333.359375
4658,303376.125
3535,175539.375
12548,135683.1875
10488,212240.671875
5851,166979.25
13736,188201.234375
875,157151.609375
14449,144844.765625
3958,327443.03125
10727,179917.75
11296,137469.765625
13646,262136.90625
9599,200657.28125
7135,305986.84375
5943,360186.1875
2695,279737.59375
6766,220593.359375
5630,158259.03125
13586,205809.015625
3507,446283.0625
10014,140984.421875
459,217530.828125
3582,231297.84375
8560,280897.25
3372,181847.046875
13109,263009.40625
8160,233480.6875
10706,258299.9375
9104,371411.15625
2870,199873.328125
13712,175042.609375
13924,139748.359375
798,256488.28125
9750,428084.71875
16248,374701.21875
3170,167910.1875
12700,237048.96875
10601,133150.03125
514,220442.046875
4010,267985.59375
8124,145491.0
10800,168136.203125
13628,212052.234375
11637,140580.15625
781,171666.40625
16156,193562.484375
12618,264072.5625
9766,165947.921875
15987,271676.4375
11051,343893.875
7673,263539.0625
1245,431650.5625
2443,155299.515625
7413,82181.0703125
310,155723.515625
10921,225472.71875
8709,94049.0
12404,347199.625
14986,218239.796875
10714,276853.5625
14286,191401.78125
13828,364669.03125
8926,398272.03125
12233,187612.359375
3913,201262.015625
5221,207937.421875
14965,83221.6953125
862,191354.5
13907,137334.796875
5418,183285.6875
2045,178761.03125
13321,174549.375
2762,236940.359375
13888,173713.546875
14962,135800.0
13305,314794.46875
8487,291738.90625
7146,159754.6875
1134,202057.984375
15092,345710.21875
13760,227586.828125
11958,404477.46875
3177,182341.109375
11350,196671.984375
1524,133091.40625
5527,238635.203125
2872,197094.015625
8602,372957.28125
3067,239212.21875
10435,209529.90625
11222,234805.1875
8700,179551.140625
10961,219617.3125
14305,195536.0
8362,227438.546875
4979,182010.125
7180,344866.46875
5763,104224.6484375
2192,236378.078125
13581,174929.65625
10720,156729.75
1358,254255.828125
13366,320343.03125
13539,462151.46875
12849,183534.8125
6794,182123.25
525,437755.84375
12223,349548.25
16271,126733.96875
5818,125643.0
16588,275942.28125
8981,128812.640625
16476,128374.4921875
14663,169560.03125
3,133477.703125
6615,131353.359375
12215,290490.59375
304,251870.265625
13634,234183.9375
9208,176389.78125
2175,163614.1875
250,200512.203125
6045,184404.671875
10516,162688.796875
1852,510897.4375
1573,207992.28125
15079,169005.609375
5500,173890.953125
15775,158024.5625
3198,157463.640625
6718,190498.78125
4149,180840.5625
9627,257657.375
7595,271107.46875
4538,182240.015625
3555,230989.078125
10483,362052.40625
8834,166039.546875
16412,178941.046875
6449,143161.96875
2767,181495.953125
11498,179447.421875
16472,142857.53125
178,306561.0625
10948,188444.125
13313,309793.8125
8065,139259.4375
102,145432.359375
14428,146192.484375
11973,136687.8125
6663,187132.546875
15989,128170.8984375
10955,504953.34375
11772,143829.40625
11364,220044.484375
7082,163690.875
7749,560331.5625
6428,137103.296875
6869,98314.8125
295,166587.171875
12266,270466.3125
11129,207331.40625
826,347171.625
3262,227781.78125
15641,314368.09375
1662,511554.4375
10926,230221.921875
10232,252560.25
6376,185288.59375
7817,171880.8125
354,203888.59375
10076,215364.90625
11379,356278.0625
10184,127024.1953125
4696,383029.875
13562,470556.96875
5436,188894.53125
13196,122311.4296875
14939,328040.5625
14004,200273.546875
5916,193209.296875
7229,188144.3125
9143,155527.0
3440,199450.3125
319,167885.390625
11683,237744.1875
12647,248045.578125
12788,151582.484375
13662,235968.515625
423,270440.28125
5222,200790.234375
9242,201387.359375
2641,202691.328125
4855,162846.328125
5360,183414.53125
9799,162758.625
5526,253162.890625
10309,148892.109375
2144,382076.75
7191,181439.96875
6732,163824.8125
14789,149022.984375
13525,156988.84375
4066,279537.25
16422,190733.09375
14890,191487.359375
2922,207225.96875
3601,136888.203125
13416,124512.953125
14363,189646.859375
9496,277860.1875
7115,319183.0625
8615,171557.109375
5218,67453.875
9493,215165.140625
10623,190225.71875
2272,127043.796875
3352,287876.59375
84,170899.265625
8086,135576.921875
2595,227373.71875
3531,159960.671875
7460,350124.875
9214,280742.28125
2790,240055.28125
10548,253602.046875
9218,149581.953125
7435,183611.8125
15780,182862.671875
7640,214638.171875
6223,188059.375
3425,110389.4296875
10582,145903.828125
702,256361.578125
2111,175650.78125
11730,180119.75
9865,285179.71875
16478,353766.21875
1885,223909.421875
3956,421790.28125
16735,135092.765625
15264,199311.609375
15971,174338.640625
5584,194593.390625
15242,202654.484375
14358,195617.28125
11300,253738.203125
5446,179580.375
3934,172193.53125
6610,177656.484375
10164,306900.84375
4646,200210.515625
13304,202294.90625
1985,199757.796875
4746,138513.71875
7963,205156.84375
14083,293924.1875
13140,265712.09375
15023,277407.21875
13093,232986.71875
7160,171276.875
7407,198579.03125
16056,205005.625
751,520938.375
6179,86870.390625
9137,325839.40625
10992,271864.90625
5744,502071.40625
10884,174299.671875
12858,310351.40625
13005,262560.0625
16714,169511.78125
1419,257930.640625
6064,206793.859375
3771,184772.09375
5945,431216.0
8453,65512.4921875
3806,155082.640625
16748,277930.28125
11380,237695.609375
3107,189186.15625
12003,217222.734375
14567,212268.71875
1079,190588.828125
11705,123329.296875
7814,195866.15625
10174,168338.1875
5514,326528.21875
5265,243483.515625
10520,418808.96875
13195,228879.78125
14601,333838.875
6012,185742.015625
13079,162321.6875
9009,133731.5625
3122,197267.453125
5470,268198.625
4840,164023.34375
6270,248418.953125
9158,89762.6328125
10120,193965.546875
10672,279319.09375
4573,133526.9375
12118,294350.53125
7447,123810.34375
2171,202271.359375
6126,271037.65625
2836,161900.9375
1457,248227.609375
11165,216296.1875
5923,190896.5
1813,200455.484375
3492,277706.75
1917,325197.53125
965,443181.625
15795,139905.21875
821,205950.890625
4568,179893.015625
9078,266819.6875
11371,133244.546875
5149,199760.71875
281,198972.328125
1918,245467.390625
776,131644.90625
210,229658.125
10782,172482.5
9653,178693.671875
9372,154670.578125
5868,194454.8125
6176,148852.171875
3969,98738.359375
7427,152580.125
8544,511471.15625
5219,215229.171875
16488,131805.46875
5855,221427.6875
15920,127371.6328125
4393,418028.15625
5770,132174.21875
2900,136217.421875
8622,77076.7109375
11610,272827.71875
10969,115209.7265625
11029,96771.5078125
6193,318203.0
14087,482066.6875
13623,172849.4375
16689,175867.375
1027,210469.65625
949,170389.046875
672,105743.0078125
13832,152254.796875
2471,192875.765625
8728,262528.75
7742,233104.265625
2698,226591.734375
9084,181417.296875
6075,274828.9375
2874,165279.65625
13119,135333.40625
5010,202995.203125
1284,179596.015625
1151,166320.984375
5110,431531.9375
11386,162302.703125
8019,210031.734375
2859,130250.5234375
16110,171119.546875
16027,290527.34375
14902,166922.765625
14301,176352.0
2451,216636.578125
13596,125037.3125
1464,138799.421875
7927,338765.1875
9638,252446.53125
8009,296647.6875
11903,151277.75
9243,113912.6484375
547,175362.03125
5511,126099.640625
11247,174569.171875
15928,278460.25
3434,197208.203125
7614,122579.75
1380,188290.890625
2770,138400.171875
111,179787.203125
5994,116373.25
12341,200712.171875
2787,290749.75
14410,327727.0
15983,128120.2890625
14876,190110.6875
653,150574.875
2174,230653.234375
2575,334960.125
7976,168814.59375
5812,387774.53125
13589,356885.0625
9122,130203.3125
8159,416068.0625
8754,351407.40625
9321,225215.34375
13535,181375.1875
2083,163422.875
2689,411064.75
2248,208873.125
11649,138903.46875
11045,392624.875
1276,95186.6484375
5962,141213.15625
13012,172653.09375
4642,170462.515625
179,166469.046875
15347,368483.1875
3339,153516.46875
8166,201756.265625
11617,159901.59375
52,366416.25
4395,207273.875
2183,240939.15625
16045,196120.15625
15719,165665.0
9864,193365.90625
1903,499308.03125
13451,175302.078125
3640,169887.953125
16551,189312.59375
2343,160010.328125
10528,227619.453125
134,203190.21875
13966,338776.8125
2366,167201.625
1198,219554.859375
12627,120533.6015625
11623,216260.921875
8267,123717.09375
56,298497.71875
2988,261016.953125
8843,263305.46875
3043,257463.609375
16486,352113.96875
1241,157559.8125
11180,349136.21875
1984,185823.234375
7364,127648.1171875
10769,137058.59375
16617,296140.0
9007,318691.46875
12953,377937.34375
11366,182416.0625
16483,192274.359375
2326,223035.25
14195,135148.890625
3484,227906.0
15257,186984.15625
11920,246549.171875
1359,175293.75
10353,157068.390625
15614,125048.21875
15101,267280.09375
12755,333928.03125
6252,177877.96875
7485,198668.421875
12603,173905.5
5281,429220.625
10708,156501.46875
12563,154166.484375
4592,215279.6875
3390,395426.21875
1986,176185.09375
5745,131596.453125
14108,161471.140625
9693,111365.5625
669,132407.234375
7320,292278.1875
10258,131086.125
507,189758.03125
10365,167482.875
9363,197757.40625
8736,116580.9453125
15100,200376.1875
13420,166780.875
13248,273932.84375
1972,350591.90625
9258,218014.046875
16455,273175.1875
6150,224271.140625
6283,174265.234375
14979,231195.21875
13935,171909.125
4985,166539.015625
5393,124711.4453125
1730,161238.6875
14129,202002.09375
6254,169412.578125
4173,441093.3125
4910,311584.90625
1297,159255.8125
3366,120535.96875
6044,338167.09375
6259,138223.515625
3852,127691.7265625
8723,215092.75
16109,207147.734375
3721,190501.1875
13453,279650.0625
11962,227730.5625
12998,157552.265625
6886,202796.265625
8200,315393.3125
51,225794.453125
3930,258569.65625
6310,227944.171875
6112,210780.09375
5135,133145.515625
7522,329552.40625
9825,243058.03125
2411,250583.984375
14940,461178.84375
15970,160193.96875
9894,269233.90625
2564,210282.0
7095,217465.953125
16754,219348.34375
16195,140641.578125
1770,236324.828125
5363,415842.9375
11360,250294.28125
13034,312410.0
6542,147922.328125
15870,279222.21875
217,246420.03125
6490,304597.625
6692,334271.84375
2235,173667.375
16732,258927.859375
11499,215041.390625
12617,178901.40625
9060,260954.046875
12017,163119.6875
16750,182025.015625
12230,156174.328125
2158,174461.4375
15184,130062.125
2981,196883.890625
10281,199609.5625
16596,183540.8125
6976,478429.96875
14680,165506.953125
10618,177079.09375
271,238308.453125
10817,197690.71875
1823,423763.53125
9549,128499.9296875
1201,181506.875
2112,201051.796875
2951,172781.375
7183,185822.609375
11404,133418.59375
5473,296077.125
9232,283840.875
3033,337506.3125
11002,171517.078125
8299,221070.921875
15417,194794.9375
15612,261415.453125
6168,187040.796875
13751,201100.046875
764,173635.90625
12833,91746.6640625
2009,79021.15625
1005,314769.375
10740,184081.859375
15323,244551.3125
9884,103401.890625
6185,286572.8125
2311,166335.71875
7538,351825.15625
6256,190845.9375
619,405650.46875
1968,167506.5625
10168,115928.1796875
10762,220271.4375
12392,152240.828125
8877,328519.125
2441,221884.5
4974,191074.578125
12450,195770.484375
15837,202445.953125
5260,306792.375
6591,169671.890625
11688,260918.296875
9940,174967.578125
12070,179193.609375
12876,122493.84375
6858,234913.90625
2385,213311.046875
3596,190376.203125
13540,137102.8125
2077,147089.34375
5654,336625.15625
14029,187305.8125
16140,107214.34375
13303,544916.3125
7289,160298.875
15226,156418.484375
3330,178020.328125
15642,246464.328125
16217,389679.6875
7330,226761.984375
3894,123733.6875
6719,190114.234375
13013,175038.796875
15835,203071.453125
10873,343881.625
16379,263041.125
10771,239582.640625
13943,176362.375
5139,252888.15625
5309,227500.453125
14227,415345.59375
16292,185806.546875
14968,228219.4375
13277,218511.53125
1731,84140.6328125
7286,164484.234375
7455,174289.34375
3250,193699.453125
1659,207036.8125
15806,303201.40625
7491,237761.78125
1990,218746.671875
7769,327690.3125
9694,226109.203125
11961,230914.59375
4669,237719.875
13826,324778.34375
1691,188853.0625
3986,124332.578125
1407,168362.875
5517,131500.734375
8432,174196.09375
2214,186545.21875
10449,157074.5
2941,200590.234375
5944,181239.109375
1555,251627.265625
6105,171694.203125
4453,237701.796875
5892,261125.203125
5000,272834.28125
12995,184199.671875
8905,184641.46875
11440,137392.359375
419,224832.328125
4712,140653.484375
2094,153413.578125
4567,169507.6875
10717,156545.328125
1248,295799.0
12405,184647.734375
8331,407959.90625
3113,161190.3125
6926,338738.875
6777,331114.96875
4060,180591.4375
11547,242834.0
15199,148783.6875
9282,185379.09375
16123,281009.75
14094,177200.90625
8770,263417.25
1054,381154.84375
11363,195449.984375
8756,115917.2890625
4800,155599.546875
7620,95302.1171875
9101,165718.78125
13954,264266.84375
13600,368589.03125
2893,185326.0625
763,215908.75
5347,172018.515625
12096,101420.921875
16333,185622.203125
16432,328849.3125
3513,98922.40625
13494,234137.671875
8690,196509.859375
7266,162585.71875
3472,190866.421875
7021,216418.328125
12952,216324.96875
2774,208269.125
607,187457.375
6897,204095.5625
8220,282575.25
8071,170534.328125
7091,284202.15625
1805,322328.71875
3594,224117.0625
13103,261564.21875
2203,152342.5
12622,158948.0625
13270,261941.390625
9461,115952.78125
7759,120618.7421875
4256,197551.171875
9093,182808.078125
6033,312000.21875
7734,188600.171875
12368,452690.8125
11740,221887.28125
9907,159448.953125
12398,297332.21875
6290,245048.546875
2882,240813.171875
5091,190052.5625
7228,250610.234375
5953,348785.40625
5707,360198.78125
10159,203776.421875
7813,206372.703125
6463,181127.734375
7264,158090.9375
5405,182530.546875
7543,187013.921875
13702,241547.171875
5538,186702.796875
6762,115331.9921875
9416,192235.453125
10415,356191.1875
2139,274997.53125
13151,146667.234375
10301,218725.234375
13273,211985.28125
7609,120877.078125
4884,151124.5
3438,256790.359375
2215,176619.328125
1723,147893.28125
2340,226858.4375
3950,323019.1875
7312,178814.625
3602,379166.90625
12053,144778.84375
16240,194373.859375
8301,202646.125
14068,194892.40625
6216,307939.09375
12910,216293.015625
7656,405409.6875
7854,209191.515625
14636,175944.59375
12267,287051.71875
11334,394532.0
9326,305563.1875
5935,185579.34375
16132,149083.28125
8318,180808.9375
5009,174568.03125
3883,246769.8125
7565,153359.28125
7960,156881.28125
16736,202004.078125
15284,156640.296875
4301,263780.1875
4273,473900.25
8436,182738.53125
2113,388161.21875
8469,267900.21875
648,223505.921875
7526,198518.25
9656,212657.015625
516,149370.078125
6849,433991.5625
7013,218199.671875
13741,369257.0
13281,190831.90625
12374,293703.71875
11855,440482.78125
2759,121056.5390625
6759,117943.96875
1667,141078.125
5138,303459.1875
2452,156900.65625
13027,132173.078125
2493,128470.515625
9899,146514.671875
8151,205736.0
5349,143242.421875
3926,265473.78125
6394,290166.59375
11720,198031.078125
578,195990.515625
4001,182657.890625
13504,200019.015625
14836,351127.0
1741,155544.59375
1278,190728.171875
11890,222462.328125
1803,195229.328125
11418,209012.4375
13693,190774.359375
7321,208903.515625
12575,169431.640625
6966,205053.34375
16613,162062.5625
3148,373223.1875
8920,182467.578125
13984,416751.21875
802,265943.90625
13893,191455.78125
2495,144579.9375
1695,152961.640625
14995,333210.5
10890,246854.859375
5282,295038.9375
13487,263375.46875
16615,298206.96875
4545,377223.375
14032,135871.875
15707,229631.875
13931,197060.234375
946,175275.859375
11500,474910.65625
10220,135419.40625
2604,194398.046875
10761,387451.53125
10982,299444.78125
11729,246323.609375
8152,125107.5078125
5323,169619.9375
9448,163263.125
14935,152448.53125
385,292921.15625
7039,315243.71875
9366,189933.78125
15823,279235.4375
8993,188067.1875
1282,166651.84375
437,164936.375
11011,141408.59375
10104,166863.765625
16321,159583.1875
11188,249796.765625
14291,183704.9375
7781,170673.359375
1203,259256.359375
3731,239233.28125
9037,366992.375
12937,149422.40625
5196,210742.859375
1746,173299.953125
6345,128676.0546875
7950,356983.875
11552,213970.5
11950,97712.25
4805,351636.71875
9152,295939.1875
555,316860.875
6765,140853.21875
8515,341937.15625
13915,185580.890625
16036,169928.546875
16625,187482.734375
11870,320494.40625
3304,144716.640625
9636,262699.0
5232,425281.96875
8878,201954.0625
2756,200860.296875
5140,120148.3125
375,202264.671875
7149,237797.328125
16353,277221.9375
15742,203860.4375
5957,158060.8125
12580,179963.25
10409,258300.265625
13766,187328.734375
7778,213072.125
9028,222336.5625
14213,183193.296875
12691,219647.484375
1658,155193.65625
15352,239554.375
10670,218999.328125
14260,187820.0625
8870,187421.265625
12054,191601.6875
9386,347060.59375
14378,325923.1875
2080,175325.515625
12729,224064.09375
932,126567.796875
3149,198977.53125
245,174826.296875
6334,211520.5625
11684,361757.625
5099,127944.6875
1828,131542.171875
13464,185187.0
4023,254257.375
6563,143588.453125
13207,191318.65625
14075,571436.0625
5722,190030.28125
2308,241565.609375
8169,281841.53125
3341,235790.515625
7693,68686.21875
2549,258171.453125
11576,314354.625
8010,255281.25
605,211471.046875
1580,251933.28125
1588,346400.15625
15197,171834.765625
190,195810.328125
12488,116153.9375
12254,207607.328125
3991,213501.015625
5076,210529.5
3214,142449.203125
2348,222871.0
13573,197175.875
14296,192186.171875
4207,249806.203125
6529,222494.015625
16043,157646.75
2508,199655.46875
12297,147127.53125
10012,203698.921875
1874,156282.015625
8451,225372.234375
16108,196848.09375
7200,413535.96875
859,407109.125
8415,254872.109375
1649,67714.046875
6269,365234.40625
8350,208315.578125
10978,205558.625
16751,173343.125
10133,123333.1640625
11908,192090.9375
15627,129438.53125
14923,107337.171875
3669,308015.96875
8316,121410.9765625
5702,358166.28125
3480,185949.359375
11965,203122.625
5869,120080.6484375
11147,286855.46875
6505,183207.625
13797,309642.59375
14915,185061.625
8221,189435.15625
5873,153745.125
13900,213248.140625
13804,251434.515625
994,163072.421875
2118,178448.75
15158,219939.875
9898,111109.4375
3509,534872.8125
10228,98628.1875
12409,389605.78125
9260,221258.5625
11462,149677.734375
3265,209900.5
54,253699.765625
9316,325989.4375
16208,301927.25
16582,175299.0625
6338,238824.09375
699,192335.359375
3396,144680.640625
13995,185819.3125
8971,142180.359375
6068,238668.859375
7020,176318.75
14015,192150.265625
4172,220906.53125
12959,419220.375
5659,200187.5625
14766,127148.9921875
14402,188550.5
6611,167695.03125
3213,312122.4375
13306,161756.03125
5966,211412.28125
3685,383283.21875
10994,210886.265625
13564,219366.453125
6507,198559.21875
3196,263210.4375
1771,146887.671875
13367,323567.75
1529,124549.4140625
11128,168219.09375
11948,234355.671875
3798,140598.421875
11443,187079.171875
15581,163904.75
15056,253280.21875
5114,328385.4375
12195,187221.671875
2044,314743.5
13169,91634.3125
15180,262645.75
15543,157043.296875
3770,141987.453125
772,258564.046875
990,169492.8125
5567,220520.078125
10805,281581.4375
3951,254817.234375
9484,181530.46875
3867,290424.9375
15605,202567.609375
3805,266192.34375
7254,310261.40625
2179,212020.703125
12745,182830.96875
16545,253462.609375
7310,185429.984375
8539,170955.734375
222,179539.265625
14084,281444.9375
15453,134224.71875
12318,265327.75
7368,319886.0625
4027,202971.515625
4106,139350.453125
506,183429.5625
1995,202474.0625
7165,194807.671875
12615,163318.890625
16792,154376.109375
221,300080.59375
9710,148496.703125
4364,150056.984375
3379,333429.375
8954,207121.390625
16630,162339.3125
9624,341434.34375
6967,246535.578125
8070,210735.546875
933,195362.375
8155,264321.84375
6771,168369.484375
16477,171244.71875
675,211248.984375
7201,174065.703125
8254,170384.265625
11325,192048.296875
14018,149225.359375
5190,391644.0
5505,124073.609375
2886,222482.984375
6941,90358.4296875
2668,169215.3125
13831,182974.671875
11036,310269.65625
13691,99885.8203125
2007,271157.3125
6442,135353.703125
10010,284167.15625
3259,224790.875
14013,216347.5
2261,491033.84375
4110,163080.390625
13293,119751.84375
14931,222520.8125
12293,163929.8125
16398,220084.0
7132,169143.78125
2780,189105.390625
5700,216639.015625
8186,182042.140625
7031,124898.0
11269,422657.65625
632,140140.75
6330,320762.90625
10905,186087.96875
6313,221631.46875
13396,177946.015625
13414,193785.640625
4270,151206.8125
926,137172.671875
11452,69124.421875
16228,382089.0625
1781,233864.5
16492,190591.4375
14594,188906.53125
4485,177571.75
8306,225204.75
2071,177685.40625
9895,216600.34375
10544,193558.9375
11253,390986.09375
15213,394168.5
2990,143751.109375
4518,279081.65625
2766,163489.171875
3275,230297.84375
14971,208960.84375
14863,147304.609375
1352,197604.828125
3423,161901.828125
13021,266622.78125
10489,146382.859375
12055,238591.828125
13089,73832.65625
16275,252682.125
4272,148072.90625
3204,228716.125
863,367331.0625
3289,124795.78125
9557,190327.28125
14381,221382.671875
15208,327008.65625
8030,235418.625
8080,128232.7109375
9876,241760.8125
5571,267508.8125
5439,204490.453125
10689,193297.140625
9919,184098.421875
7348,267263.4375
11686,243306.390625
16643,365818.875
164,127693.2578125
15912,249384.46875
14237,195077.53125
7965,245344.671875
9778,122118.6796875
14321,139520.546875
10617,186456.109375
12007,143652.84375
1415,100193.3359375
12912,269704.0
12062,276645.78125
7762,203936.84375
4381,399297.25
7986,164540.203125
10647,244740.84375
13452,201885.84375
230,248168.890625
9285,235678.9375
4221,394088.0625
16384,174982.671875
14645,255285.703125
778,197452.40625
6633,188231.171875
15137,109615.1171875
62,180136.46875
10606,356372.9375
7791,112896.5625
4161,169284.546875
5553,282110.59375
9433,72772.546875
7363,295190.3125
10162,219066.234375
9568,197501.984375
9901,241825.3125
8047,169452.421875
12954,136887.8125
12479,173700.734375
3357,370785.0625
15088,178764.96875
163,283007.90625
988,237794.328125
5877,294929.03125
1683,221376.859375
5206,181666.5625
11155,150098.609375
15339,163036.3125
1590,207787.375
11100,187424.0625
11216,216444.234375
1624,212717.9375
6113,188049.90625
2181,320680.21875
1023,262416.5
8673,137121.546875
1646,290008.375
11608,106139.6640625
5988,166724.40625
14354,268496.1875
6369,109331.3671875
15936,233839.734375
13240,333632.1875
3481,158371.171875
3479,264195.375
1698,357319.8125
13154,286064.0
7802,183185.359375
9702,183738.765625
12895,401775.1875
5728,178924.640625
10793,252491.46875
13529,192353.375
746,196806.34375
2610,168167.21875
10932,181596.8125
15350,301713.46875
15692,169346.03125
5484,182835.546875
15608,198241.984375
5253,280674.4375
1686,359535.21875
10624,436608.03125
267,137733.765625
3295,312077.59375
9481,329756.78125
732,286328.03125
10022,391742.9375
6135,313281.96875
7224,255947.578125
14887,229149.0625
7382,216559.484375
3242,129935.71875
3106,210833.921875
14678,193501.75
6626,233275.8125
6576,222587.140625
9008,225977.0625
2931,273940.46875
10023,184137.765625
14964,146172.625
796,263247.4375
5169,122540.8046875
1814,141661.390625
7372,220779.515625
13672,174636.15625
4124,187761.5
1095,150569.5625
15950,89540.671875
817,476434.28125
15779,132221.265625
11506,225624.0
8689,314006.25
10077,240826.34375
10514,222227.71875
2198,500732.59375
8005,183653.375
625,356011.53125
9420,196306.5
10350,218616.203125
14494,175747.078125
11615,272333.78125
93,367597.46875
950,221975.53125
3325,167647.671875
14459,157028.6875
16531,239899.4375
11228,214197.3125
11761,230609.765625
12629,223810.90625
10339,231689.546875
12203,123424.75
16744,273148.875
2786,192773.890625
316,139866.5625
11424,181015.5625
8021,124124.78125
12679,401225.53125
1871,159419.09375
5767,213073.03125
4047,330856.3125
16235,246225.234375
10604,257088.1875
1510,232434.78125
854,134496.421875
1860,180545.078125
1593,187516.265625
381,182404.375
10375,182420.171875
15149,218340.09375
11375,200880.703125
3912,139500.96875
12097,358068.96875
16743,211906.65625
146,267843.5
5308,135073.125
4125,150863.671875
7671,398866.96875
12609,109618.1875
4353,175406.453125
6287,181445.296875
2264,260872.796875
3457,145319.703125
12935,112895.5078125
8958,176966.71875
4532,176006.125
14857,221735.625
11376,190837.640625
13713,219524.34375
181,247879.53125
10858,127414.2734375
5160,270611.125
6642,187655.8125
9312,470760.5625
7736,203105.203125
4326,244063.203125
1802,158872.140625
16115,173088.109375
16787,320228.21875
7107,154212.296875
6902,146868.859375
8950,322337.5625
9922,182662.09375
11453,272134.0625
10033,191765.984375
12131,403330.375
11879,293567.40625
8986,146447.1875
82,157907.59375
7664,184130.265625
11116,234849.109375
14096,177818.046875
11577,231372.78125
1908,181971.5625
3658,184234.8125
6148,173716.96875
1324,197672.78125
8792,303667.59375
5883,352240.9375
15245,273623.90625
16382,140890.953125
2131,204578.484375
7581,268824.8125
11488,393231.0625
6091,220427.09375
7295,204512.0
6427,175825.65625
4558,74470.125
14436,187909.390625
8373,246530.171875
917,371591.84375
9837,417781.09375
5619,160312.890625
4530,158162.765625
11486,222693.515625
8575,179825.484375
3540,401046.15625
4509,285924.125
4709,158945.375
10148,249501.4375
11077,207514.140625
609,169002.625
14733,194371.734375
10609,140365.859375
3616,159069.390625
8805,247372.375
13799,233680.28125
5886,278976.46875
15836,114106.3515625
11792,121160.9609375
9404,248356.078125
6456,173074.234375
2569,126854.9375
16727,228935.265625
12353,179004.890625
9841,236375.375
2725,277273.0625
3388,239784.671875
9476,183508.109375
13550,109733.3203125
11934,234904.71875
3375,214314.171875
2932,256014.546875
9972,217323.4375
876,175305.5
13649,204098.25
13444,329584.65625
12748,231033.140625
2003,185461.0625
2376,246204.734375
15961,196685.8125
1221,294394.96875
7064,286918.15625
7799,144404.953125
4549,409536.28125
11061,171098.8125
2132,376759.5
10692,189302.453125
14546,299194.375
11088,195532.5625
4819,252615.46875
13682,127508.0078125
7127,426162.875
6245,164191.921875
10845,159873.46875
3285,123651.515625
11384,214276.140625
10897,190772.078125
8533,123523.6171875
15341,240164.5
3821,135784.34375
14130,170532.21875
4306,410365.96875
113,186265.375
14997,193737.578125
1482,173879.265625
14780,393923.65625
997,239179.609375
7991,159860.296875
15592,173862.140625
11143,207962.328125
12472,172771.59375
13991,325062.53125
13399,422677.96875
2588,328362.375
14274,343547.78125
11491,337922.1875
4755,181489.65625
7939,147032.21875
1779,147756.4375
11924,155536.640625
12713,219768.28125
12486,356032.71875
13149,275377.8125
4847,207259.640625
7638,348775.03125
15228,320320.53125
10069,194606.796875
2219,337838.21875
956,261155.859375
13680,130178.0234375
106,184990.46875
13101,117030.5703125
7540,283587.28125
16138,419393.21875
4890,313550.4375
13752,251868.546875
14622,179169.6875
7871,180443.953125
3957,249299.796875
9987,231809.671875
8884,183685.078125
11715,263822.4375
10612,204718.328125
12945,205429.265625
5034,195225.671875
4463,408855.4375
3476,197373.625
4846,271460.0625
2372,198629.046875
2873,217962.921875
512,209054.421875
16198,215767.609375
9155,455655.375
16464,110277.5078125
6904,182281.265625
3151,173187.890625
1816,159551.484375
16214,350275.0
6264,346771.21875
254,170868.8125
5848,139818.59375
4357,167428.734375
14265,136205.96875
12235,173768.65625
11342,111406.7734375
6679,197791.78125
5377,219539.828125
7636,161893.265625
12798,157949.4375
16349,222510.484375
3028,137270.109375
12810,354175.09375
15064,149879.53125
13801,111918.0703125
13387,235384.890625
371,197024.53125
1161,129607.609375
14593,155460.34375
12144,196140.84375
5555,395044.5
13493,162559.859375
11130,243496.0625
8658,143026.15625
6491,228691.0625
303,164716.609375
1897,196663.703125
9583,111943.5234375
4515,157300.125
1411,175095.015625
8534,133950.859375
7227,200492.34375
13478,146760.953125
7546,336562.0
2798,94851.1328125
10267,419188.71875
4519,130033.3828125
12184,219621.40625
1895,342443.6875
13019,370343.75
8845,220655.15625
1929,290162.96875
1966,144215.984375
5268,94772.34375
11402,139240.5625
13503,193835.421875
14413,160689.671875
15419,143733.953125
11573,136310.546875
270,150307.25
9733,180846.4375
2729,211154.03125
10123,265895.21875
9331,238119.9375
4342,143037.25
4248,282264.59375
446,199435.21875
6677,238199.9375
8324,259664.671875
9666,390715.4375
7303,164324.109375
2710,349640.71875
3334,176130.890625
11464,331029.40625
12220,252502.671875
14064,162242.40625
14350,183732.4375
2858,272611.03125
13014,377642.5
13732,166616.9375
3371,292961.625
5912,238413.96875
5881,179685.828125
6199,303197.03125
7344,179888.515625
6180,189174.5625
3343,269705.03125
12103,194447.765625
5177,146803.828125
7000,191674.671875
3990,205834.515625
11689,129776.78125
5624,170001.984375
7497,94034.0859375
618,162040.9375
6909,201773.390625
3346,120532.671875
12521,158309.9375
11871,389339.0
10610,197404.5
14869,159561.84375
2268,123216.5859375
12058,141665.28125
12426,195504.171875
10662,121158.375
12512,120761.25
14852,203920.5
10876,153519.765625
7720,171487.046875
4334,73252.7578125
12275,336915.125
12228,519238.8125
3715,215909.46875
9534,245103.15625
2333,164615.3125
15628,145773.75
5043,179033.078125
16704,456926.34375
2891,215247.859375
14478,168223.171875
4429,172695.15625
5929,139097.234375
1845,141318.515625
3001,152610.125
6741,149942.6875
2202,150638.609375
15490,193218.453125
3752,209499.171875
4620,201428.296875
12795,150618.453125
2662,131168.546875
12845,198642.796875
5604,248002.25
4861,170991.421875
8100,244820.984375
15990,222240.578125
6561,158594.609375
14107,123091.9453125
6274,116850.359375
4428,115159.6015625
3184,201390.53125
9247,258261.0625
15016,195345.703125
6009,203138.90625
3190,216442.421875
3386,155315.5625
11984,177141.265625
16215,164354.1875
5506,273365.5
10016,226867.84375
15394,318933.46875
15724,331155.0625
9409,148392.09375
12634,172344.421875
14316,175908.796875
8675,165548.34375
15231,167132.96875
3236,170700.625
10087,202663.53125
5018,184487.796875
2728,144314.671875
8092,187581.84375
10698,172101.984375
5859,152354.3125
4198,96871.578125
861,179098.515625
7990,356989.65625
4009,198681.078125
10964,130761.890625
2114,269359.90625
1139,192418.734375
13921,174761.109375
15030,120041.8671875
2122,129875.1875
1602,255338.03125
15032,404026.78125
5694,113311.0546875
14026,166923.78125
1132,177794.5
15469,332839.78125
10223,190816.609375
3303,315891.78125
12655,267034.5625
16151,148332.21875
14649,168263.984375
9533,163565.859375
2229,156089.78125
7652,372441.0625
14523,211045.03125
12991,178515.6875
4539,181877.234375
395,144627.46875
4853,269984.40625
12082,165523.40625
1406,262409.59375
7788,181868.84375
2143,140837.59375
11089,125502.3984375
16693,164025.984375
14701,147475.34375
13689,219187.34375
4262,216799.015625
1046,192189.25
12001,331691.09375
10729,220505.265625
11822,288976.34375
9132,306428.0
14150,206823.234375
15217,172701.734375
4752,162987.71875
5875,149959.546875
7873,232921.34375
16046,144034.96875
321,263673.15625
15077,248917.359375
9148,292821.28125
10272,294570.71875
9490,162860.625
5856,205000.6875
2436,149552.25
526,212593.078125
9067,161404.765625
1166,345606.8125
13029,203294.3125
8264,300276.5
13499,298082.4375
14681,219615.515625
10625,344101.25
13668,247221.890625
4126,240480.84375
1527,152668.4375
12829,225075.15625
6074,101034.46875
16629,169300.421875
3231,378038.53125
6218,143619.15625
15050,209788.609375
16053,424399.25
16745,144688.640625
11336,67034.3984375
1318,183038.0625
7424,130693.453125
8102,172200.25
5468,147293.953125
9942,283883.0625
1001,185221.265625
6010,281732.0
7766,202387.96875
10266,201527.609375
3139,416192.25
4759,190080.765625
6760,197203.75
5682,289672.84375
1648,256148.546875
10363,175785.546875
7551,133869.59375
12901,144713.609375
7938,264372.75
15709,471878.40625
9663,179622.203125
14868,219679.59375
7617,318654.8125
5755,429470.5
11519,510312.90625
6954,171736.703125
7463,351343.3125
138,224515.546875
1499,227634.984375
14579,176700.734375
30,169976.0625
6991,319501.4375
16283,138266.875
15305,437639.75
12736,291711.375
1506,379863.21875
4302,159107.6875
8170,246060.015625
14230,184936.84375
14438,296306.03125
15974,157909.203125
3263,177711.453125
11227,182483.984375
9355,125578.796875
326,171578.828125
13155,175675.3125
13238,280004.125
2785,314255.6875
7047,186674.953125
4222,245700.46875
14734,106655.90625
4224,130866.03125
11259,138220.9375
6174,123738.9375
14057,177177.140625
5181,172123.875
5926,229843.875
193,168660.34375
12528,151290.6875
5128,365672.25
13462,228616.515625
5845,156251.390625
6872,233091.859375
8821,228484.703125
5106,164078.796875
8164,285932.6875
5679,227127.359375
2985,166112.0
2106,205213.734375
12494,351458.84375
15150,172316.953125
187,193988.21875
15095,230166.359375
15289,141423.609375
497,174111.1875
10048,144348.796875
15012,125917.8046875
11229,208404.328125
15927,180368.59375
12092,140682.171875
11174,231587.359375
13967,173702.21875
6693,212384.734375
92,315347.65625
13961,126416.6015625
16220,399550.6875
13333,218200.390625
7730,158075.8125
15250,118579.4609375
16392,196877.8125
14544,175598.765625
7261,199603.78125
16105,228252.578125
2984,143163.046875
3162,226462.484375
2260,168003.796875
7004,397788.78125
452,183322.109375
7828,321630.09375
626,207836.234375
4583,265758.84375
3725,118558.9375
5894,210630.921875
3316,218419.0625
6887,176190.296875
2492,268499.90625
9133,205035.234375
15655,207758.84375
12639,215038.75
3848,145260.859375
11820,193203.53125
15254,212230.15625
10750,91515.6171875
1156,305028.0625
2910,158120.5
8591,279080.84375
14247,221780.6875
1425,170176.03125
16660,157432.546875
1837,191158.03125
6461,192948.96875
2580,186695.0
1052,145692.9375
577,288202.96875
2825,274779.5
2746,441414.0
2291,380768.90625
10962,311436.03125
8547,215521.65625
10019,182406.96875
756,316798.6875
1709,328544.8125
9076,300873.21875
3211,188672.265625
2535,156036.4375
10943,266990.53125
4830,159828.84375
9928,141647.34375
16143,211780.5625
16784,224517.09375
16434,232475.078125
436,157481.328125
1226,268284.875
1259,349855.53125
15299,118348.3359375
4343,143336.359375
14661,182309.890625
1988,211649.1875
10173,184596.734375
11746,190694.140625
8412,184813.71875
9281,123833.1875
6246,194303.6875
5440,194430.28125
15301,188912.171875
1223,191101.5625
2714,335377.375
3077,88110.5703125
5549,207290.3125
16626,304528.4375
382,146386.5625
5635,72646.140625
186,235511.359375
4839,127471.2109375
433,234813.09375
7210,118509.0546875
15243,283794.46875
9993,237145.21875
7529,113978.3046875
14506,148752.84375
5807,205442.34375
2373,229872.890625
13618,90938.2734375
9908,171033.078125
5404,200080.984375
11023,188924.703125
9678,235041.046875
6160,188776.515625
4181,148487.0625
4230,187149.21875
13858,164209.875
15871,304815.15625
7564,405002.84375
14463,420245.90625
15115,242761.703125
7533,137867.75
9862,161320.234375
5708,344963.46875
272,195986.296875
4612,211328.375
13336,186455.078125
13944,186425.359375
3517,181195.5625
422,296439.0
12769,150266.765625
16079,284104.71875
4398,248618.296875
8250,125524.5546875
8900,219384.265625
10819,207352.765625
10551,172373.21875
3418,373556.53125
3889,155349.765625
1186,195090.671875
15227,422473.96875
13432,466929.75
10654,346563.3125
7306,169855.5
16325,258655.234375
7510,299968.4375
7237,130506.5546875
11812,370073.34375
7823,178177.453125
10691,275069.28125
12699,70903.5625
914,203730.921875
12160,205757.46875
4600,264954.40625
5649,153951.640625
4896,196734.09375
800,218210.359375
10111,189428.703125
3690,196540.546875
10150,362766.6875
8099,140277.796875
9526,203130.109375
7301,340337.96875
655,104757.625
6187,418144.53125
839,207961.359375
10505,158042.0625
3830,110065.4453125
11301,160767.375
11895,205536.40625
3102,131335.359375
12351,123512.796875
15378,469400.5
9593,273383.25
5302,144637.1875
7585,372798.4375
6785,185683.09375
3611,237665.765625
15888,152963.125
13152,225495.5
6208,200712.796875
13734,147044.8125
9212,305925.6875
6098,251336.328125
12314,233548.15625
8848,210129.40625
8951,159751.203125
13572,176817.953125
15907,265972.625
12325,224313.25
14000,346660.84375
9515,177381.90625
4514,281681.53125
11968,371417.59375
12452,203891.296875
2163,255879.59375
14538,171740.21875
11324,180115.796875
10441,157398.328125
1952,168191.234375
11680,165383.25
16190,263607.1875
7649,229230.671875
5839,120065.7421875
4659,169991.15625
2273,414369.53125
1829,141698.546875
3776,262177.40625
6607,149489.015625
10395,131799.953125
10667,361243.3125
10950,234626.78125
6339,173301.734375
12038,275408.78125
16128,186826.203125
9406,297179.4375
13386,178177.5
13063,234251.375
7319,136562.875
11475,151245.953125
4109,177782.703125
466,167995.609375
7169,134296.234375
450,189636.796875
509,286341.25
14114,235427.9375
10865,153633.515625
3497,205223.359375
9089,205599.78125
13675,197841.4375
6672,211755.546875
5464,297964.09375
16267,195473.015625
6372,398447.875
4499,234636.296875
16547,193652.640625
11454,365566.78125
16645,415150.0625
9569,200182.65625
3279,268088.90625
12042,254360.671875
2547,192566.1875
16013,250178.34375
12929,199728.359375
12343,246017.421875
10359,196312.46875
12543,182613.671875
14928,497872.34375
11319,219303.9375
14724,216954.265625
2850,216728.421875
10775,320146.25
8462,198897.46875
4724,220128.71875
6723,184585.140625
14180,196457.96875
5593,388912.09375
9151,374799.46875
8697,474686.65625
10758,500593.875
4276,221753.515625
13655,312386.4375
13674,205740.75
10057,132517.21875
10732,170354.765625
160,170375.3125
7451,177281.53125
3512,346148.21875
3925,158267.828125
14897,136213.890625
15963,213830.796875
13805,90944.03125
6894,107982.6328125
14327,150811.09375
11838,105765.1875
12255,148563.03125
6587,172541.46875
6923,151971.671875
8885,147173.421875
10486,124496.0546875
4722,357882.21875
14740,212981.3125
4754,145410.015625
8674,190343.375
13252,170928.859375
1905,177041.6875
8585,215924.578125
11503,181010.765625
8979,206987.6875
3879,328302.75
5165,192948.359375
4200,216976.46875
15206,140110.390625
927,174058.328125
13132,192034.875
8640,258139.21875
14157,203558.515625
2991,496918.8125
15401,226919.515625
16356,183690.703125
10857,110515.609375
5651,156200.84375
14405,206017.046875
9176,360164.21875
16326,142221.65625
10397,200120.4375
14371,171534.890625
10577,146759.640625
10605,212210.8125
8441,180043.53125
9546,114995.9609375
15433,242843.4375
14106,194466.3125
13791,197999.09375
123,246030.203125
6786,190785.71875
4618,135026.875
6750,181913.859375
2188,169364.328125
4729,205334.578125
11082,138610.0625
947,294998.5
1066,159456.28125
13916,325501.25
13134,338824.28125
15755,141819.046875
14683,235598.0
5590,179614.703125
11704,276115.40625
11544,173795.28125
9457,153676.453125
336,244667.921875
8667,311852.28125
9989,442163.53125
3786,85479.046875
1467,375138.3125
15239,253412.6875
6380,244471.234375
15200,390338.75
10378,311479.21875
9867,215335.140625
12443,273443.5
15298,346953.25
9136,176495.890625
6713,312669.9375
15472,196832.703125
4064,213184.859375
13576,253188.640625
10634,307512.40625
13257,115617.546875
14535,266420.53125
13262,436562.625
13852,117457.0
3238,184384.765625
2029,220941.375
1542,228830.21875
5796,165492.6875
6273,201704.296875
8207,94740.515625
13913,161046.96875
14113,106969.796875
11094,165961.6875
3598,402063.34375
11881,157353.234375
4186,262034.046875
105,339649.6875
12712,223547.46875
10699,212583.59375
1522,113719.7890625
6406,198187.203125
2600,278816.875
12800,221647.390625
14794,166892.015625
832,168798.703125
11005,230888.984375
1329,192829.234375
9621,110338.1484375
3543,195738.359375
1234,226220.296875
14715,345211.125
13218,188527.25
12522,115285.921875
15168,226105.25
3344,169398.28125
7989,164136.609375
13592,302442.4375
2349,125191.7734375
87,74140.296875
3648,156664.921875
15383,176051.140625
4245,153204.890625
3037,308829.03125
4963,229345.203125
12513,223990.90625
11906,407901.21875
6321,246584.53125
15889,200347.390625
16390,231248.671875
11080,242475.609375
4201,108701.2890625
3696,203156.90625
15188,292332.875
1475,298191.65625
15248,448010.03125
5836,201011.515625
621,368935.5625
15618,125580.328125
11070,474525.0
5126,320959.4375
3191,251295.34375
4786,224169.40625
6620,251517.21875
9169,174613.921875
15908,217856.40625
5512,136171.140625
16496,194201.265625
4052,339137.375
1158,203633.625
5860,163293.859375
907,164028.09375
10880,313324.65625
2406,351715.28125
16135,201390.546875
16655,225255.25
15009,172416.4375
9075,156462.125
15211,251784.84375
11972,178153.453125
7343,164976.921875
10693,261198.28125
16611,142841.078125
11189,125617.0078125
14873,207720.921875
2863,261498.890625
1616,143156.171875
6932,135259.65625
10136,139410.515625
430,189922.46875
2978,207201.703125
9667,176568.578125
1215,139920.453125
8651,142249.4375
11529,146435.234375
14115,172954.6875
13842,110189.8515625
12668,217779.078125
11298,201894.0
14801,200310.671875
12346,272626.71875
7741,195909.953125
9160,172605.34375
4285,198538.203125
1738,267413.03125
16527,199497.171875
11797,83532.5859375
11537,137774.296875
11661,140152.984375
16296,280958.8125
9835,183629.5
11551,178594.1875
7868,494816.34375
6828,164464.328125
4870,161189.171875
14037,200079.796875
10255,230422.15625
13980,123854.796875
12720,179492.734375
4391,147291.0
15559,178528.65625
11971,299172.40625
1294,207635.28125
4639,221431.5625
10815,256327.109375
12270,274089.25
9322,235481.625
14633,150578.328125
3733,184261.296875
9311,147103.140625
14855,287209.875
13819,147395.625
912,342552.0625
13565,134729.40625
5546,236321.9375
14337,239706.765625
5902,176736.765625
3939,192984.453125
12958,162735.28125
6810,169419.921875
6464,348839.90625
15753,246956.09375
8295,205106.640625
4190,156715.140625
13160,197049.265625
11609,331275.25
6477,147997.15625
7833,157431.59375
8088,237407.171875
7090,194590.125
4818,187434.453125
3010,234223.171875
2954,229971.453125
16552,181958.890625
563,210512.234375
13208,285148.03125
12886,121297.96875
9235,143755.59375
2397,259732.4375
3059,271041.28125
8245,168351.96875
11636,205060.0
694,226327.59375
7222,163481.65625
13986,311124.375
6083,106793.21875
9782,181482.421875
13060,235439.140625
6144,269979.90625
15637,208324.28125
987,402143.15625
10696,275987.40625
5319,142255.640625
16119,281831.34375
8198,154602.5
14721,218313.140625
4704,217617.4375
8806,313998.0625
14764,144015.546875
14233,123150.03125
14252,286249.65625
9139,123386.140625
9297,291996.59375
8288,187590.9375
4879,305540.53125
6384,177337.859375
7438,199099.734375
116,235560.0625
364,170980.015625
2690,185584.53125
2193,398743.21875
1228,192474.21875
7607,226972.59375
6378,160809.28125
16520,218157.671875
7737,222921.625
15652,160887.75
15578,161027.359375
10823,128405.7109375
11027,128451.6953125
7076,205175.390625
6451,252742.40625
15589,176560.953125
9532,174643.84375
4148,189148.15625
1222,340219.25
8066,173311.046875
2227,144295.171875
8814,314395.4375
7121,172958.265625
8265,116471.453125
2848,185100.5625
7971,160779.109375
15812,257401.890625
2238,202501.296875
11569,183547.6875
13631,161290.28125
13209,179674.234375
5448,189630.9375
5974,365934.28125
10379,168623.40625
13829,173032.53125
7552,411492.53125
11205,175271.28125
12787,178931.5625
12773,375021.3125
1501,252989.546875
3650,205278.53125
14850,193436.015625
8174,100702.515625
5565,184824.6875
11832,161071.609375
15866,158988.75
8742,108865.9140625
5271,154331.640625
11697,256426.671875
13516,180492.46875
6408,219910.1875
15545,209197.46875
11148,123085.8671875
1585,278384.125
4609,180766.578125
3174,441580.78125
13784,268246.53125
7889,140896.71875
9385,320116.375
4058,479907.0625
6783,198255.765625
14676,144184.84375
3284,165265.71875
4988,167340.75
13369,169077.9375
10107,291473.4375
11456,181256.21875
5837,399154.03125
2637,158823.859375
10785,390517.8125
109,348590.15625
5968,66623.734375
976,135816.53125
882,149265.59375
624,158554.34375
11904,290969.71875
15314,115961.59375
6579,108943.140625
9199,153771.734375
12611,121297.8125
2898,212141.5
8461,178792.3125
15020,201330.171875
5652,112619.4765625
14262,183504.4375
10156,409116.8125
4461,173021.984375
16666,294314.9375
15818,180774.40625
4940,225016.265625
9403,171652.71875
13638,309769.90625
6918,231541.234375
16307,219323.53125
4133,103697.734375
12316,328956.1875
1655,355034.59375
9398,229040.3125
4271,239860.28125
7584,256697.640625
16502,423818.65625
7732,191568.078125
14812,270845.3125
5083,260684.546875
4385,265375.40625
4024,178543.578125
5925,115799.953125
5603,279800.875
9172,251583.4375
9485,239639.890625
337,172054.140625
9767,177806.640625
8228,223921.078125
14346,173529.0
8946,179003.21875
11285,354993.03125
10588,353797.78125
16737,214623.6875
2262,278770.9375
12102,209020.921875
9851,136957.421875
941,266023.96875
10571,308696.9375
11487,244307.421875
12137,455964.125
10549,138686.03125
11359,137363.546875
7724,181416.5625
6877,116691.4921875
12946,121854.7265625
10555,282740.53125
2733,155318.671875
734,184869.953125
4572,157843.328125
9888,345638.875
5547,233056.515625
9473,146753.203125
10427,296145.90625
12081,233286.125
10888,373378.5
4834,208742.359375
7141,139585.796875
3282,148614.8125
10028,400519.3125
13941,147902.390625
3897,179315.75
3838,151149.75
15315,142491.84375
4623,378470.78125
1119,223547.3125
6031,199727.28125
8516,125072.90625
9415,156062.125
10798,99925.0390625
13666,130988.078125
11068,342416.53125
1489,153595.96875
9467,287426.1875
1946,322164.78125
6511,132498.296875
306,181105.921875
2837,309929.15625
9949,177605.171875
12571,258008.140625
9991,218986.03125
10974,182143.828125
5102,232263.5625
15565,141909.234375
8320,195248.265625
4205,265831.0625
14341,223494.328125
12738,292765.34375
7959,134872.015625
15526,300623.65625
9391,206362.15625
13904,137626.34375
5423,167612.640625
7852,173579.3125
16525,79245.2734375
3823,192897.015625
1858,160783.0625
8638,447992.1875
5777,193765.703125
10277,169081.25
8002,279670.03125
11877,207738.84375
3964,194269.546875
16783,388216.40625
9896,194429.328125
1733,156458.5625
12470,258139.015625
12569,290705.03125
744,161780.734375
13608,232915.859375
3980,259983.53125
13468,160580.859375
15482,295780.625
4135,90318.1484375
8982,447053.71875
1928,182313.03125
12408,233024.1875
2316,74054.4609375
3340,188005.5625
7512,120299.3671875
10170,238669.796875
2558,140184.03125
16236,158912.140625
9115,85442.8671875
11183,426171.84375
6603,256828.40625
8548,376558.96875
13883,186740.765625
10766,277697.4375
9575,286374.15625
12048,176097.640625
928,210259.015625
3068,259826.765625
7603,188742.875
12725,168780.6875
14089,156474.828125
13055,184373.578125
16602,183320.296875
2797,243532.3125
7467,116575.1796875
651,180609.671875
16374,197968.96875
16544,184565.75
3098,166454.15625
3015,196110.046875
13224,201560.0
11299,192412.125
14583,131458.359375
4033,156317.546875
12076,270922.1875
15017,155431.890625
13881,260478.734375
13000,181793.71875
676,229201.015625
6331,357743.5625
7681,247236.40625
1435,271678.375
2966,273847.46875
5825,266222.0
5422,385066.125
1663,177281.40625
15561,147557.109375
10062,254630.03125
6476,176800.578125
1957,196369.734375
10795,173536.484375
16197,109773.03125
14421,232745.75
12994,189676.046875
3493,177347.71875
11545,161044.78125
6726,150037.765625
9513,189182.875
12556,119963.0
9553,154420.078125
3734,364355.59375
3109,264605.625
16319,198524.34375
5959,221149.453125
6683,322003.21875
9438,155585.296875
15857,284606.84375
2421,268769.15625
11540,238620.875
264,253201.96875
16561,232342.34375
12288,215455.734375
9570,209217.890625
5936,152487.265625
11390,117595.546875
6551,223163.3125
3946,223378.484375
7746,219835.78125
2838,118597.75
2472,210709.140625
3520,177468.3125
1341,360786.65625
3910,296949.78125
5208,148832.515625
12599,178075.265625
2475,249917.328125
10966,181852.75
5910,234035.53125
11910,192451.9375
16221,108362.2890625
10591,139675.640625
3744,227905.5625
6618,379738.0
8676,479850.59375
11193,181295.28125
12659,238641.84375
14101,179791.375
14483,157506.109375
8107,267947.40625
10681,189929.21875
10126,213369.6875
4527,247189.25
16537,192071.765625
15403,199304.015625
11124,376701.3125
7468,155029.9375
3172,178174.828125
15847,156805.125
8211,508236.84375
9459,244562.734375
5903,261944.75
7232,163675.25
3180,192947.734375
7147,372760.4375
10105,159018.0
7338,119597.234375
2446,229616.40625
6466,127378.96875
5782,133169.8125
6526,109083.1328125
14982,210826.90625
14639,299596.1875
16052,210351.640625
12587,165902.921875
13192,78107.1796875
9342,289878.5625
6052,128421.3515625
7987,181391.9375
12165,341923.09375
15151,424450.375
16728,169392.5
12735,221866.984375
939,168456.78125
10983,172072.5
1385,139994.46875
1892,166109.5625
8352,145568.46875
79,184078.046875
7171,195645.78125
6194,185143.671875
6973,151372.9375
13786,182641.5
2578,246763.375
11344,172617.875
14536,245855.640625
13518,190130.96875
15855,320101.09375
4387,253307.5
1596,239481.078125
4699,370228.375
4559,396554.375
6613,228399.6875
7489,132872.59375
2127,190824.40625
16668,440146.0
5919,110301.421875
7696,184655.265625
12287,287015.5
1053,248504.75
7924,233948.65625
16365,263395.84375
13988,402164.53125
7415,242450.328125
6661,109673.765625
14496,184663.640625
15112,147359.578125
16444,145087.4375
8992,268877.03125
11054,367269.90625
3570,130187.96875
11016,70115.265625
10455,149080.125
10478,223663.34375
7751,185634.5625
7913,402649.21875
4883,196891.875
12728,370577.15625
11482,195560.953125
12561,152118.96875
2207,255748.484375
11946,147476.421875
10552,258258.796875
14673,146863.3125
6914,191788.203125
15988,135393.546875
3878,187620.71875
13937,205723.28125
11208,212589.53125
3466,110954.0546875
2799,172059.421875
13802,253936.796875
15790,142203.484375
845,313922.625
13261,203547.1875
9986,202289.046875
4771,284095.9375
11763,254146.125
13249,533132.3125
15982,222433.15625
5295,156679.515625
2828,263779.1875
12717,216690.28125
14541,146522.265625
12898,143872.3125
15190,419536.59375
13553,269281.375
11589,218676.0625
13168,193626.90625
14224,188998.84375
11844,247681.609375
14578,168452.53125
6770,228520.890625
1003,138900.03125
6716,152012.453125
6204,394328.84375
10213,294125.0
2961,167467.09375
14134,193825.1875
9134,177995.140625
9906,273886.6875
12114,212299.203125
12706,166796.53125
192,223353.6875
11022,203001.125
14712,312264.9375
2659,418398.9375
7602,212817.609375
3009,140430.1875
4533,429190.5625
5620,169892.28125
12312,131132.15625
10896,167613.546875
7532,159345.328125
5696,437451.375
10743,471733.25
16708,170772.859375
5430,162030.796875
4362,184433.28125
15599,181518.328125
8197,143792.15625
8502,80694.9296875
554,107066.96875
16301,164623.171875
6206,387257.21875
10523,200448.8125
7221,205563.265625
5906,183441.0625
6724,180441.078125
9167,206728.359375
10380,232412.203125
6209,167496.5
14298,133158.953125
6854,184162.9375
15218,178353.578125
5081,169171.078125
14572,229665.125
7743,198009.546875
11071,240508.96875
10673,153956.71875
16276,281175.875
2840,185478.921875
14414,476038.46875
15739,302682.21875
4743,162557.265625
3156,360427.84375
14879,185063.046875
758,144599.171875
14304,164143.140625
1210,314460.34375
1137,163381.765625
6026,204717.984375
841,163313.25
3993,155272.640625
16554,311249.5
27,154271.328125
13015,207477.5
9428,150065.59375
6885,164893.21875
2410,164410.96875
743,290438.125
9361,340120.21875
14016,206882.171875
5040,374942.1875
14255,165182.8125
291,201395.421875
3937,194725.265625
13374,288934.15625
14948,216730.171875
37,123992.921875
8226,273748.65625
9547,126403.8671875
1000,265217.8125
12406,152639.96875
8314,228024.421875
960,146175.78125
31,225448.625
5905,134683.390625
15833,380730.1875
8146,259325.65625
16718,110104.875
2231,174542.4375
11286,202042.171875
8275,148265.203125
16706,421137.40625
6594,118169.15625
15521,296806.09375
1131,206542.5
9595,153152.390625
8354,292396.9375
15777,118813.328125
2330,300001.6875
13382,290302.96875
16721,84857.1640625
11393,172948.25
7009,213920.4375
1474,164256.03125
5816,166666.0625
16032,187454.3125
3422,396168.25
7231,163195.28125
1565,154906.65625
10574,144216.546875
1107,151272.015625
1458,163096.125
12716,531851.0
14039,152169.1875
7099,289149.78125
4498,234768.703125
16394,124173.046875
8760,155321.5625
5016,135032.0
1097,75505.1640625
5433,185715.265625
7847,197367.9375
2903,386503.5
15929,213926.8125
9066,427844.21875
16152,244328.671875
12383,216204.90625
7591,292624.5625
15435,262244.75
1556,274761.84375
10644,280184.8125
5333,171856.609375
4266,215415.25
7946,253658.859375
15594,186121.703125
12127,224028.75
7697,446216.96875
10020,199727.890625
8999,283653.53125
15708,169171.875
510,258868.453125
7239,128240.1953125
414,338588.09375
9095,167728.09375
6136,190588.515625
12482,219053.078125
1254,145437.046875
12989,189211.90625
2923,342059.4375
13845,120179.09375
11169,178174.890625
3031,444389.90625
12704,308559.53125
3430,177912.484375
4483,107356.09375
1438,156144.34375
7790,138717.28125
10260,182874.203125
8340,212077.25
11099,129430.5234375
4392,155079.5625
1551,200487.0
6566,282377.25
12689,154651.859375
16117,200459.421875
2800,365395.875
7779,265521.9375
4546,172125.84375
16734,202485.078125
2506,159351.953125
12457,155994.765625
14626,143459.34375
9816,188085.46875
5055,139695.25
13894,182695.21875
2676,184082.875
13860,178472.15625
3029,187199.9375
5048,226879.9375
12857,125218.3125
15813,135943.953125
9973,161182.328125
6664,282206.71875
2764,237833.46875
10746,128609.5234375
1068,222939.5625
6797,241436.765625
384,156344.65625
16012,72933.484375
10891,267286.375
1110,115864.4453125
10284,372937.15625
15508,178956.859375
6000,68400.2421875
15275,218866.875
5312,116564.5625
391,151656.5625
10154,175833.703125
7256,192452.859375
7947,178339.671875
4097,174413.34375
1526,352410.75
16261,287433.96875
8470,161936.328125
3270,192316.296875
11212,265621.5625
1261,190230.125
13456,127042.2265625
3862,211103.109375
13241,199886.890625
8526,254337.859375
5013,272149.3125
10205,354159.90625
1346,216885.859375
12977,217067.328125
10073,157478.71875
9623,209296.78125
10590,182329.046875
2773,229386.859375
4444,255791.59375
442,173210.28125
8376,235784.1875
13461,201078.78125
13229,150926.265625
8718,188294.921875
12847,171987.234375
12117,233717.296875
14510,156313.515625
9254,346606.03125
16290,239895.328125
3936,247448.21875
12526,180321.53125
7302,285290.1875
3268,228036.578125
13230,254842.65625
12695,208742.46875
14761,280027.09375
15771,273255.0625
12598,252997.796875
15357,157202.6875
9874,105316.078125
7582,210955.46875
16604,415161.59375
2023,152398.96875
13932,173751.203125
13300,87325.171875
14040,202095.171875
12612,169508.140625
14843,309050.40625
5242,152770.484375
1343,141866.234375
14576,175556.25
6257,123148.484375
25,160322.65625
11043,197089.5625
5047,84430.8828125
16080,237368.6875
2161,251792.3125
2444,139862.203125
5459,253087.140625
9033,141352.25
11539,212912.40625
14256,187075.5625
9219,269763.59375
13840,268525.8125
4848,235996.328125
227,162005.34375
6238,184545.15625
15530,180323.71875
594,133374.890625
14505,108235.5546875
11748,264069.15625
13771,151813.96875
5778,214769.140625
9820,112006.203125
14066,216350.671875
8498,204987.953125
6058,281473.53125
13661,203550.09375
7992,188399.734375
10264,97721.1328125
6924,195599.1875
9183,166456.609375
13325,232918.078125
10467,72898.8984375
998,214595.578125
3700,191123.59375
5094,242519.171875
11643,139162.15625
8496,175068.640625
16487,116146.1015625
7810,265458.25
15418,159050.375
16355,220597.609375
3194,167784.984375
9278,223161.875
2707,147984.46875
5688,364543.3125
7883,212949.1875
5250,359405.40625
12794,211161.859375
15958,331847.21875
68,224199.65625
9505,181573.625
4162,188055.515625
14730,150292.765625
14671,352311.15625
13981,245365.171875
4445,281541.75
15067,152640.921875
444,225115.046875
1613,261444.1875
8509,428933.84375
877,135095.46875
5170,306929.78125
9846,374709.625
5915,168897.078125
12459,240150.25
11318,216126.390625
16009,228077.578125
14466,347746.53125
7896,183547.828125
11280,153574.734375
15529,276246.0625
3859,414909.09375
16193,186453.71875
8796,142148.484375
13010,174714.59375
8672,138654.5
16756,126839.515625
6929,332931.84375
6288,254559.484375
2842,198782.1875
13446,438755.875
10235,156936.265625
7654,212594.578125
15967,239631.015625
8048,199311.15625
4253,279682.1875
8004,269722.875
1397,325367.46875
4799,325092.53125
8558,145772.8125
6060,281139.09375
5608,179345.15625
10515,254389.109375
8931,335198.65625
2396,245197.4375
4022,160838.28125
12471,262791.15625
1711,222828.140625
11430,202205.984375
9829,164259.1875
4425,201715.921875
9803,378330.125
4651,332856.90625
2189,340792.625
6368,253409.25
6568,213479.234375
13827,74798.3984375
4375,350182.84375
5622,199815.75
10559,111436.234375
10985,409022.34375
159,317862.25
9038,205268.140625
9382,378796.65625
11998,210943.390625
5184,283989.28125
10542,181044.234375
3537,63807.671875
13475,160645.890625
15536,363690.90625
6948,294641.375
2888,278539.90625
2830,210735.78125
12064,199599.90625
8922,243545.578125
16427,192705.234375
14051,105701.8046875
3251,304028.84375
14202,147118.1875
13756,137477.046875
1421,126106.9140625
14187,202980.90625
10166,238819.34375
4923,107418.8359375
11570,190627.640625
9844,166131.03125
918,161054.671875
8919,272063.03125
8818,152514.34375
2949,181479.515625
2423,128194.8984375
15361,159820.734375
13254,101582.2109375
9692,329371.84375
7271,303441.15625
2017,250649.734375
4036,143491.359375
11373,222421.5
13377,267191.3125
9977,222331.171875
7410,156172.9375
11817,227882.703125
2573,187497.90625
6543,201107.8125
8819,192553.390625
312,113853.2265625
14517,175631.234375
15090,231457.65625
10789,172487.609375
1910,194604.140625
14652,193630.71875
13121,242226.671875
5125,261187.75
1959,209606.375
12034,278087.8125
15595,111956.7734375
6153,134016.765625
4053,188916.671875
10877,259237.765625
4529,170172.25
10158,218101.1875
9236,205426.390625
5299,276672.5
13059,218027.375
11152,276876.25
11914,373357.34375
2442,361962.65625
7044,177604.75
5893,199429.984375
5035,111968.71875
979,306194.0625
3409,180106.140625
6675,201945.9375
11650,311406.9375
5611,135714.390625
5956,185268.234375
16435,189402.765625
14599,153913.75
4215,198087.359375
8873,147980.953125
14918,319841.46875
10011,117102.7734375
11446,222961.53125
1535,160682.03125
14241,185861.8125
9543,197171.546875
10979,194381.40625
14215,330137.0
12365,194693.5
6681,184580.734375
2924,233906.90625
6445,269555.40625
12032,206308.34375
10702,191645.328125
2974,167351.109375
3877,173643.046875
15147,184444.84375
15984,264035.59375
2324,392089.25
7499,331424.25
3801,387117.21875
4284,239522.96875
9329,179099.546875
3120,341508.96875
2531,163739.40625
13762,133556.578125
3691,200855.734375
8058,187461.484375
4897,157282.34375
14925,204932.34375
4330,142244.296875
5453,174741.34375
6559,196322.0625
425,365678.8125
14024,164226.3125
10413,155357.75
15294,163418.546875
2821,286070.875
11509,116367.3984375
9074,170133.140625
16091,308588.71875
3642,192166.125
16124,199243.203125
16449,153318.0625
8684,183026.5
2392,329292.5625
12234,212281.296875
14199,110545.1484375
834,293335.0
1484,195164.21875
15653,124410.1640625
11663,176798.953125
15397,447021.625
11385,192356.625
10151,182584.9375
13263,134470.96875
4505,249216.46875
1851,145740.390625
15471,139225.71875
6560,250112.546875
4007,353210.125
10251,229444.40625
265,187691.15625
14770,186595.265625
1353,229955.578125
16335,217235.609375
10859,171398.453125
641,204733.53125
11985,231671.828125
8076,184888.484375
14160,180342.578125
12506,313002.3125
8809,203422.625
6957,164146.015625
4478,129205.78125
4749,257184.453125
12322,177930.65625
13910,162565.15625
8252,198825.15625
2431,217286.8125
12670,110361.4921875
7537,160406.96875
4637,421546.9375
2538,176807.125
15290,213624.3125
16072,316813.8125
16740,126933.375
6078,159850.453125
16723,164785.640625
3847,255737.9375
5999,92630.4296875
7678,233959.984375
4862,152923.8125
12468,148006.9375
13409,397041.65625
12380,196323.65625
8962,125891.4609375
11004,255857.78125
792,161438.0625
5687,213752.6875
3906,141700.140625
13554,124680.9453125
5863,116438.0703125
13459,139540.53125
12378,261996.921875
9935,149473.09375
5674,168024.28125
4535,249035.15625
12310,404036.6875
7048,151471.90625
1143,354078.78125
16085,191009.671875
5358,179471.390625
7100,244772.484375
10384,166680.25
5006,201342.3125
7371,157597.703125
4720,151728.03125
7577,205297.125
15196,194468.0625
8467,316112.21875
5251,135566.171875
9220,137194.71875
2151,170787.28125
8081,292399.53125
15824,174173.28125
10545,256774.984375
13403,354335.84375
1559,72502.4609375
16795,175379.796875
6293,182393.0
16024,187982.828125
12167,174536.578125
3078,126208.8203125
6736,180769.3125
12124,389286.5625
6489,289353.5
2778,219938.890625
13074,158526.8125
4075,142542.609375
15195,255015.453125
3160,156229.171875
1272,236918.234375
14776,254726.328125
8497,285159.6875
4,203755.609375
15732,288225.03125
9111,412643.59375
10748,181223.578125
8944,191112.9375
1906,151904.328125
11283,101633.625
14269,127982.0625
16232,185540.6875
1839,333978.375
7894,298872.90625
5703,180546.953125
1347,292717.5
4849,66625.0
5618,142918.75
9672,193211.296875
2638,149144.859375
1962,319539.5
11717,242257.171875
13358,384429.96875
8258,68989.1953125
8822,219558.09375
2927,176831.84375
14741,292541.0625
8216,147138.53125
12317,118839.6875
13133,248957.0625
1286,171231.265625
13116,137984.796875
9198,124560.640625
13679,196514.40625
13877,144883.625
5946,135024.109375
7428,210487.484375
1073,284287.625
13970,119145.2265625
8466,185495.03125
13135,179053.015625
1778,184683.921875
195,251498.953125
8973,126686.4296875
10674,170961.328125
12350,135668.34375
10295,136986.4375
7251,320950.5625
9245,197776.0625
9126,159522.5
7740,202150.359375
8956,161038.96875
13686,169115.734375
2864,161792.765625
7110,143872.953125
11331,178074.875
16637,170582.390625
4580,339823.0
8909,409728.78125
11932,222663.640625
5243,181915.5
13419,298478.40625
3459,259474.171875
7053,438076.15625
14691,314993.5
12535,158262.25
560,358199.9375
7514,259789.9375
5305,168399.453125
11231,231085.265625
8803,119622.640625
9791,161796.890625
130,187848.328125
5874,358235.15625
1440,175896.90625
6474,174002.1875
12168,188663.765625
13187,408298.375
9831,218653.953125
15943,198114.6875
15846,144637.546875
1402,208249.296875
4968,247834.125
5131,202696.078125
15580,106215.0
10869,210445.5
4679,143299.8125
13908,140479.03125
13489,266781.71875
16352,113472.796875
5691,176574.796875
8780,269959.8125
11933,287333.90625
4136,348049.1875
12873,181218.21875
13330,197337.3125
797,159658.109375
6450,432328.71875
10056,157243.625
1050,153598.15625
1202,162053.265625
6680,118448.71875
174,191554.609375
6337,133495.140625
6704,176240.484375
266,145805.578125
9195,112674.1796875
14668,116038.734375
9315,208541.96875
469,301510.15625
8852,205369.484375
10907,189249.703125
5287,408033.59375
4548,212115.359375
9637,199598.359375
11010,173226.203125
9564,169740.734375
2681,104700.921875
6776,157002.0
8311,178406.421875
6580,201513.9375
14417,175772.34375
3892,196689.640625
4929,152313.90625
7340,266457.9375
13225,190701.484375
5581,122662.890625
8015,157156.203125
13567,131995.640625
10596,194620.703125
11291,168284.03125
10901,296951.65625
9349,252738.234375
4030,275231.53125
8357,188519.9375
829,185604.53125
5529,357995.40625
4134,230281.59375
4867,205038.546875
903,209647.65625
3701,167524.84375
12916,102075.515625
9031,196111.484375
1965,281936.34375
13851,272793.3125
9314,205089.390625
7386,174197.46875
4088,152726.421875
14907,411626.25
5991,213930.375
10265,262300.34375
15260,167386.875
8053,187976.234375
9577,242298.203125
15509,144217.9375
12153,268259.40625
3218,218808.9375
4740,263930.15625
682,182957.21875
12176,241718.875
12385,154072.71875
2523,85571.3828125
5801,169357.53125
12751,160347.125
15121,191005.640625
517,387516.21875
4822,223433.21875
1129,379309.625
12396,180253.828125
11329,229073.390625
11856,303149.0
3653,174332.265625
13404,80795.9140625
14486,382640.21875
3502,174781.15625
7717,83455.9296875
8808,185605.125
11676,196901.65625
7033,250101.140625
1681,180826.234375
6658,137780.9375
959,450853.84375
4871,210557.375
6946,194484.59375
13763,253996.375
15320,287554.5625
3065,139987.84375
14742,161521.078125
13959,124992.34375
2427,185810.65625
1716,306137.3125
6258,122318.1484375
16677,148824.78125
206,379018.0
13659,513905.75
7782,140828.890625
3308,127693.2734375
9073,124147.8125
6342,413495.84375
868,346231.9375
10153,249950.671875
16788,169289.71875
14886,162262.265625
4674,178859.359375
13599,150750.59375
6851,213161.109375
6443,256107.9375
9903,157971.875
8321,284207.75
10686,185779.5
11106,151068.453125
11845,113898.0234375
2439,262418.8125
5461,424991.65625
14559,212366.609375
10215,174117.703125
13566,318234.65625
16563,125112.40625
10492,264457.15625
13847,197632.203125
3607,203564.0625
2844,155136.28125
3499,147174.46875
7478,357538.34375
4728,329879.5
10883,175598.984375
13602,82669.0546875
3751,136451.0
10299,187625.40625
13023,171375.21875
14498,211873.59375
13601,131321.921875
5787,163038.625
7853,186764.0
2429,319734.28125
2359,270180.9375
13926,274737.0625
4278,151625.65625
14307,236044.1875
15677,317231.9375
9,127399.671875
12630,152490.6875
16428,341094.65625
13285,243953.171875
7902,150315.4375
866,103665.0546875
6077,153723.578125
4015,318598.9375
16350,162542.796875
14793,135832.046875
1409,192848.921875
5199,160645.8125
12036,275540.71875
9654,105241.359375
13106,187254.203125
11780,150500.859375
355,205666.625
6247,139392.765625
1045,235761.734375
4019,222767.21875
2048,223495.03125
14586,81173.1875
6720,202813.921875
5509,126302.9140625
8463,259673.578125
3202,246156.265625
6910,164080.359375
5701,332255.28125
1,276534.8125
6853,171398.203125
5386,200772.5
9251,250459.609375
8580,168475.21875
3644,234778.640625
3258,199307.046875
329,231657.5
5038,222312.609375
2526,174416.109375
2082,386160.1875
11081,163124.6875
3927,178580.25
12305,208027.5625
10975,307983.5625
2590,223218.734375
9337,170382.0625
9368,166032.171875
16111,157809.53125
986,299069.625
426,174041.125
10040,180917.5625
16463,160207.234375
3704,253968.046875
15406,270305.90625
10035,332327.84375
16251,140650.96875
9520,453817.90625
503,198590.96875
8260,269495.5625
14309,240821.8125
16054,283089.09375
3885,248036.828125
5924,136301.0
12843,185631.765625
14300,113236.7890625
12608,273155.5
11437,153836.671875
9535,166799.5625
1528,187296.09375
11518,166162.0
6401,256619.609375
9129,161488.90625
13069,199126.078125
16607,153011.34375
1473,309457.5
6085,204126.0
4067,250746.546875
9178,172155.09375
5090,124022.4375
15046,269054.46875
13621,183845.75
16065,192104.140625
1944,205434.015625
1060,261007.890625
1764,301092.9375
1705,187438.046875
9961,125448.0859375
18,243355.3125
10371,112588.390625
13185,125089.8203125
13139,258689.140625
3161,337003.15625
11931,216049.265625
8759,195038.734375
12969,112701.8828125
14329,286684.34375
3637,189035.546875
1165,158543.09375
9976,169963.84375
16490,256070.03125
2074,325169.21875
15364,356773.0625
11394,298955.3125
10222,248376.5625
5948,128402.375
7494,193474.15625
6285,217382.453125
15220,148720.71875
3237,155305.015625
3528,173613.703125
6289,330255.78125
15784,248542.703125
15321,309207.4375
4562,147471.390625
6402,240356.3125
12688,212143.625
3536,174777.828125
8426,127828.2734375
12434,265124.15625
5645,215768.46875
15080,209102.390625
4677,227413.875
9818,341784.9375
13496,177504.9375
15682,249427.265625
6284,253974.96875
14342,176158.84375
8109,217165.6875
14818,225319.078125
5724,101076.28125
7471,188638.125
14905,210519.78125
9719,391653.65625
10637,283987.5
12838,172993.109375
15949,216350.625
2334,299434.75
3416,186341.046875
12303,152811.578125
528,165723.4375
980,191381.421875
1298,116534.6640625
13728,169404.578125
10842,124438.953125
14596,109366.203125
1899,328089.1875
16380,229583.234375
7855,194891.96875
8147,271037.03125
11469,146017.609375
5779,65492.69140625
3389,373056.4375
7885,224917.640625
5254,419896.3125
6383,146297.5
3498,211995.640625
16166,419332.15625
2413,243547.84375
14653,248904.4375
9345,160589.609375
13711,178496.34375
822,199165.828125
12640,148755.1875
11954,285619.875
7914,350558.46875
7394,275824.65625
7354,178697.6875
13058,153961.8125
4836,226408.609375
362,145406.453125
9365,139579.984375
211,132079.296875
8543,150008.921875
188,186293.109375
14196,388774.25
7114,270277.84375
13431,202236.875
12869,339330.5
16681,268163.125
16528,172377.71875
390,304733.34375
11752,152445.140625
4408,142788.21875
3315,196395.015625
16071,210411.34375
16535,67779.984375
12463,228661.21875
12790,252840.71875
11787,130670.8203125
14577,194883.6875
4431,261241.078125
10286,132859.453125
1676,252386.84375
13993,324087.9375
4761,169714.21875
14670,209243.46875
4795,261811.421875
15411,326661.40625
2909,72896.1484375
8236,425737.09375
14017,148576.734375
13974,223253.28125
6513,225690.09375
7695,157796.890625
5286,196175.09375
4902,261414.53125
1124,337479.3125
10436,187825.484375
14749,284033.15625
2609,190770.125
14548,224529.765625
1566,136662.78125
3649,171375.78125
16101,237381.421875
13095,172091.453125
2779,177892.625
14203,149921.984375
11019,170981.78125
7653,164926.234375
12835,200243.65625
9683,303350.5
6955,127342.015625
11504,157789.921875
12110,184231.359375
237,220877.5
2612,204548.390625
8855,317544.71875
8729,134629.40625
11580,215255.09375
13807,227091.96875
5375,195427.515625
16767,322863.21875
14540,210385.453125
255,247009.015625
3586,145272.75
5671,214290.28125
10311,358099.5
13280,226408.828125
1788,200780.421875
12128,185937.296875
3576,398604.8125
1285,229556.734375
13502,176069.640625
6518,225692.296875
1729,157288.953125
5398,165006.421875
12539,269986.34375
1476,171014.875
5057,379098.3125
5133,257895.65625
2196,460427.40625
4041,227677.171875
5252,73815.328125
12879,169209.328125
13210,254090.9375
7390,344816.90625
15942,144375.984375
7054,132416.40625
14632,231480.984375
10208,233506.359375
14120,183020.75
13607,231591.6875
9647,240298.4375
12134,192173.9375
8593,150850.5
16231,144612.859375
12474,163210.578125
11640,160362.6875
1685,122555.8984375
4474,147727.234375
15313,162006.9375
1736,148861.25
16471,148857.71875
12517,207058.140625
15437,199152.921875
3381,188390.109375
16555,138935.0
15738,183710.5
2896,118378.8984375
11356,303485.28125
9734,173666.921875
1890,174826.296875
15344,196796.09375
13575,138211.234375
14595,236230.671875
10567,214260.765625
12889,183711.40625
1213,221141.78125
8841,100685.0078125
473,240968.203125
14853,206177.671875
15271,358105.25
14191,293156.0
12703,292351.3125
2649,201532.84375
14916,153241.078125
8975,115426.5
12108,239643.328125
6070,150872.375
15765,160089.65625
3713,113082.5625
1618,243303.75
13874,165252.6875
4407,129762.1484375
8550,200564.90625
15759,299077.65625
7808,110433.71875
1127,209348.390625
13108,264104.90625
4426,177595.34375
6175,253137.0625
7903,251831.84375
2076,74622.2109375
9924,211713.203125
2322,133926.84375
13844,174661.875
13871,122014.1484375
5908,231281.0
429,505440.0625
3443,140127.375
170,207198.59375
9879,321724.4375
15324,290892.0
15616,169724.515625
14217,235885.46875
5262,207081.875
13426,289465.25
13286,171984.46875
10464,167644.0
10881,196035.0
12776,127561.953125
10664,186524.21875
15237,186147.671875
15999,273717.15625
4816,293196.25
13856,162383.359375
2701,202257.8125
635,174308.265625
4016,209960.671875
64,197963.21875
4881,207369.21875
7017,308313.84375
7184,269426.75
487,160919.109375
15897,361985.0
11444,153616.328125
3260,159327.390625
3127,156868.203125
7899,136477.15625
5705,203569.28125
12960,239635.8125
4046,172211.890625
2190,304762.3125
15787,131244.578125
1926,243586.328125
3944,170434.296875
14709,241839.375
13046,176258.6875
9845,167448.796875
7432,113324.7109375
11524,237754.21875
6393,177047.734375
11323,154283.59375
10352,287762.53125
6811,312321.125
2606,272104.6875
11660,392728.8125
8305,202154.75
7357,227018.859375
14796,178033.734375
15587,135408.046875
2461,350183.625
5605,217519.234375
6554,195417.796875
7662,236224.03125
11798,230304.421875
12078,199273.453125
1758,127781.7734375
7661,491069.9375
3335,176271.140625
2854,193187.078125
16659,242305.265625
5241,297819.46875
16469,380580.84375
16098,182116.921875
15049,164168.03125
5152,69956.96875
2166,144841.765625
16465,144660.0
1768,125333.6953125
8744,177284.0
10594,162757.921875
1339,157079.109375
6998,187953.234375
723,207025.578125
11357,224099.453125
4413,184258.125
5026,197987.15625
4412,261598.578125
537,150140.078125
10270,115992.6484375
9571,243213.953125
9969,215392.609375
7822,66985.4609375
6621,213055.9375
208,181157.546875
5195,206105.46875
7032,126554.2890625
8263,186331.484375
14719,384306.1875
15622,180289.484375
4259,198908.859375
3085,311465.90625
172,184271.859375
7130,136047.5625
8767,172229.5625
3087,168471.578125
4089,272927.21875
11477,140240.453125
2246,187907.484375
1793,190385.890625
1630,187086.078125
1189,119259.921875
6050,274353.59375
8752,145815.203125
8963,211656.578125
9671,383935.09375
4820,148023.46875
4475,144935.265625
6396,235309.078125
8932,191850.46875
162,163043.90625
10847,152767.0625
5692,354489.65625
7316,258548.734375
5485,218889.84375
9780,313145.9375
7307,143491.265625
9739,353209.6875
7426,140098.265625
835,194053.40625
11744,280020.96875
11907,184296.296875
5684,184664.09375
10335,98891.625
4466,206207.890625
11593,127967.0546875
244,183299.09375
15205,289565.375
6071,168119.75
9455,526897.1875
15862,295473.0625
8165,265308.875
5002,268196.9375
5922,291831.375
16616,282928.09375
7615,217768.796875
7911,187263.765625
7748,243071.875
11265,349297.9375
15820,164322.546875
6648,176586.34375
7117,233848.6875
10262,188365.90625
2853,260062.390625
4606,213114.015625
12747,140837.59375
3953,135582.375
3552,215937.171875
2675,270249.1875
4611,219256.421875
2025,211601.984375
5424,187593.96875
8546,168348.140625
8875,155589.953125
2807,411170.28125
8578,225159.84375
786,330562.46875
3945,225917.65625
16733,126140.15625
16191,158808.8125
12669,175833.859375
10493,159806.15625
6671,221837.25
9330,263292.0625
1622,151613.109375
8713,199549.90625
8696,246791.546875
9187,243977.140625
14551,161289.375
2646,297714.375
9563,309302.5625
4031,161980.15625
5155,220015.328125
12116,397064.90625
3834,382981.875
7785,238419.546875
307,133334.296875
13663,165910.328125
16357,130141.921875
10646,147146.703125
5615,165032.703125
4604,158512.328125
9308,170776.046875
16789,216114.34375
15721,205897.421875
4994,411874.84375
5454,158032.71875
4034,196738.34375
1420,404988.53125
6453,141972.21875
8167,181868.625
11657,225567.859375
14356,405155.15625
2024,315612.59375
7701,111252.515625
6291,187569.921875
789,178921.203125
16315,278580.59375
3677,192010.296875
13309,145739.0625
2088,82246.375
3707,184590.1875
5240,225921.15625
13197,221931.734375
3147,153360.25
76,321089.25
14287,147295.578125
7940,233831.078125
2515,126753.8359375
4891,260815.828125
7623,332284.0625
10671,431507.125
13030,176081.0625
14686,243799.78125
13272,253109.515625
14954,183160.65625
16264,232896.046875
14461,173433.640625
13107,278193.6875
8740,290792.1875
2824,210336.453125
1645,137461.03125
15613,159334.1875
4803,260311.671875
971,166334.828125
13952,171803.453125
3320,159472.703125
15110,154181.140625
2440,179627.921875
10462,141147.09375
6011,306803.0
9405,126036.609375
511,169644.109375
4141,435709.65625
11651,162759.28125
343,227153.25
14750,239261.265625
3711,174754.34375
6322,146641.28125
6533,209827.328125
6089,265770.34375
286,293357.8125
7639,104135.7734375
16722,210022.265625
9157,293012.5
7137,277163.6875
6669,340280.09375
3326,310018.75
5820,153115.609375
11604,208801.203125
16087,192651.8125
5327,243077.21875
13639,248905.84375
349,356375.9375
15181,247307.78125
4821,308596.875
1740,187360.21875
3450,146185.640625
16064,116416.0625
1804,107201.6328125
5296,130757.15625
5346,483087.34375
4723,381611.875
417,153645.71875
15756,161920.671875
14090,165163.78125
14778,364729.4375
2560,172559.71875
12920,79169.703125
8249,140010.0625
7125,163092.234375
11732,148287.8125
13365,432213.03125
5361,344919.0625
15937,369938.3125
2591,177658.421875
15706,192733.1875
2105,223302.71875
7220,304260.96875
14562,192150.765625
6836,165571.90625
8180,234717.84375
4695,135250.28125
5783,316788.40625
4780,186154.984375
12504,192607.78125
